metal_linker,organic_linker1,organic_linker2,topology,CO2/N2_selectivity,heat_adsorption_CO2_P0.15bar_T298K [kcal/mol],functional_groups1,functional_groups2
4,7,27,0,14.04879074,5.604779,-1,-1
2,4,26,5,20.21722169,6.148776,4,3
3,18,22,5,33.10866151,6.164397,2,5
2,8,15,5,12.80056168,5.164957,6,5
3,10,22,5,23.39561652,7.090687,13,-1
9,10,28,8,49.25180982,7.334542999999998,9,10
3,1,18,5,18.48760329,5.671204,13,-1
3,16,16,5,13.97259895,5.274335,16,12
4,3,27,0,10.29489266,5.064876,16,15
2,10,29,5,72.74346069,7.425464,-1,5
4,6,17,0,35.17498629,6.726739,14,7
4,27,27,0,32.90207562,6.600984,3,5
3,9,9,4,14.18270662,5.996164,1,6
4,4,11,0,64.13190702,7.544046,-1,15
4,14,22,0,165.80064319999997,8.819874999999998,-1,-1
3,10,23,5,13.89850112,5.212527,-1,-1
2,11,14,5,11.39964462,4.847198000000001,12,8
3,18,26,5,11.00255867,5.209406,14,4
2,4,29,5,14.22726006,4.948911,6,4
3,4,7,5,32.82573611,6.621175,2,5
3,1,28,5,8.364191619999998,4.905192,-1,-1
2,4,13,5,31.52642488,6.377837,9,12
9,2,2,8,33.87359855,6.402529,0,3
2,14,19,5,17.45588102,5.835593,-1,-1
4,1,11,0,40.83383262,8.105341000000001,2,14
9,18,19,8,47.83305961,6.679682000000001,-1,-1
9,4,11,8,13.02054117,5.577853,-1,-1
3,4,16,5,16.26037363,5.46802,-1,-1
3,14,27,5,11.75062397,4.967974,12,4
2,4,18,5,17.95802711,6.072034,18,9
12,1,10,1,25.39120983,5.803627,-1,-1
2,24,29,5,12.4541596,4.956232,10,1
2,5,13,5,19.18901518,6.3690370000000005,18,7
3,25,27,5,12.9285465,5.32066,1,9
9,5,24,8,27.13887544,6.894887,5,8
3,10,11,5,17.46808633,5.769334,4,15
10,50,57,2,25.36073055,6.365133,12,5
12,1,22,1,12.51165092,4.724266,12,17
3,8,14,5,17.41426633,5.823179,3,9
3,13,28,5,24.81433562,5.840558000000001,3,17
3,10,21,5,19.69229759,6.266769999999999,7,13
3,4,9,5,59.69567745,6.895952,-1,-1
2,11,16,5,13.79875321,5.292586,-1,-1
9,16,23,8,51.64056543,6.704681,6,15
4,6,17,0,29.49546395,5.755008,4,1
9,17,18,8,30.32731763,7.059143,15,0
2,4,5,5,15.12507064,5.455203,-1,-1
3,5,26,5,24.04554404,6.075003,-1,-1
2,4,4,5,25.23735653,6.745147,15,4
2,4,8,5,8.823012116000001,4.796126,-1,-1
2,11,29,5,18.68721541,5.91585,16,3
3,15,19,4,27.95283637,6.29884,-1,-1
2,3,5,5,13.86140025,5.322178,8,7
4,11,15,0,41.80173198,6.872482000000001,-1,-1
3,13,21,5,20.37448745,5.770457,3,15
2,4,27,5,16.78926045,4.87366,-1,-1
1,14,14,5,15.37905788,5.113114,-1,4
3,38,40,3,16.99043845,5.250892,15,-1
12,1,22,1,22.58097842,6.756411999999999,19,12
9,4,17,8,14.29292785,5.749389,17,7
3,10,29,5,40.03548747,6.6949380000000005,14,-1
3,10,27,5,11.81623426,5.771527,13,7
2,14,29,5,15.50823143,5.2610790000000005,17,16
9,18,20,8,27.88096559,6.435694,15,0
10,42,57,2,29.12933441,5.903367,8,10
2,10,13,5,28.76097503,6.729953,16,9
2,14,22,5,16.54275423,6.052718,-1,-1
9,8,16,8,40.73790669,6.589752000000001,3,18
3,11,17,5,32.86073154,6.829721000000001,4,3
9,12,18,8,14.274235,6.442126999999999,18,7
9,7,18,8,53.93148842,6.743413,8,12
3,5,17,5,19.25061033,5.918114,-1,-1
2,1,26,5,11.78417117,5.414332,0,2
3,12,18,5,27.11817261,6.713894,8,19
2,10,11,5,87.94253566,8.766683999999998,-1,-1
3,13,16,5,30.01715152,6.186185,15,3
9,5,2,8,111.2950997,9.841972,-1,-1
4,5,24,0,27.88407813,7.305707,8,3
2,9,9,4,22.14181167,5.688804,4,5
2,9,13,5,15.17341797,6.3381300000000005,17,12
2,22,29,5,20.78178285,6.167477,2,17
9,28,28,8,30.40290463,5.96201,-1,-1
3,13,19,5,14.30214339,5.5444260000000005,-1,-1
2,10,17,5,28.06664677,6.5041720000000005,-1,-1
10,42,57,2,46.84726328,7.920886999999999,6,0
3,16,19,5,12.42552744,4.704985,8,-1
1,15,22,5,24.98010636,6.343223,10,5
2,1,7,5,36.91381721,6.412898,-1,-1
2,3,15,5,14.83463831,6.016611,8,7
9,10,28,8,35.41748172,7.295275,0,8
3,13,16,5,14.59998666,5.589674,10,-1
4,4,14,0,70.95828911,8.56789,-1,-1
3,10,21,5,47.38307386,8.153132000000001,14,2
3,11,14,5,32.53898479,6.296852,0,1
3,16,24,5,11.41180604,5.394302,-1,-1
2,16,23,5,23.2121564,6.25997,9,12
4,17,23,0,20.81684933,5.245294,18,7
3,1,17,5,13.87781189,5.165285,4,7
2,9,18,5,24.03168971,5.749308999999999,8,0
3,11,14,5,14.12301712,5.257776,1,15
3,10,26,5,16.76279209,5.428269,5,15
3,17,18,5,15.98836825,5.483103,1,14
3,1,4,5,25.31322078,5.903717,4,17
2,14,22,5,43.09127361,8.853197,10,-1
9,26,26,8,11.94418169,5.328795,-1,-1
12,1,24,1,19.56361508,5.235513,-1,-1
2,11,14,5,17.14785698,5.915393,2,17
4,5,14,0,96.15608372,7.372283,-1,-1
2,2,14,5,9.334486744,5.65405,-1,-1
12,4,24,1,12.56424873,5.468529,-1,-1
3,5,22,5,21.95529715,5.998167,5,-1
3,10,25,5,32.79344801,9.4903,-1,-1
9,2,25,8,56.73471372,6.083343,-1,-1
3,18,22,5,16.39685133,5.334199,4,15
4,17,25,0,27.37365869,4.966264,-1,-1
9,2,16,8,5.924479868,9.482519000000002,12,16
1,10,18,5,26.15137631,5.817625,10,7
4,6,17,0,11.00671795,7.538473,12,1
3,16,24,5,56.02925556,7.0201080000000005,19,3
10,55,57,2,25.91594815,7.185361,7,13
3,35,35,6,8.557557095,5.722606,17,14
9,16,20,8,17.87452741,7.906522,10,3
3,1,5,5,16.31514308,9.373349,3,5
2,1,8,5,22.93869682,5.629371,-1,-1
4,5,14,0,49.06303552,7.898252,9,10
2,4,29,5,9.961563974,4.452032,-1,-1
3,4,22,5,24.6116065,6.549527,12,6
2,1,10,5,38.90448439,6.542976,4,16
4,13,21,0,20.78469527,5.6947220000000005,8,18
3,4,13,5,21.17823032,5.85266,7,8
2,10,14,5,51.14021337,7.549067999999998,-1,-1
9,2,7,8,17.13998273,5.583475,-1,-1
9,2,23,8,75.4366802,8.347532000000001,2,18
2,4,4,5,12.48769999,5.340487,-1,-1
4,1,15,0,81.28921491,8.259375,4,17
9,1,2,8,55.64127948,7.4920149999999985,-1,0
3,10,26,5,32.80552658,6.705356,7,-1
9,12,22,8,36.00516495,6.543727,4,-1
10,43,54,2,18.23175077,5.803796,-1,-1
3,4,26,5,15.15622531,5.031015,-1,-1
2,22,24,5,32.98609899,7.951307,7,13
2,16,26,5,10.83897848,5.390651999999999,-1,-1
4,7,23,0,17.38975965,5.464942,10,-1
9,3,3,8,14.9368503,5.97393,2,4
3,1,11,5,9.814337462,5.101187,-1,-1
3,4,11,5,14.28023539,5.599216,-1,-1
2,2,14,5,14.86757338,5.519496,-1,-1
4,11,22,0,49.01277444,7.11009,5,-1
3,1,17,5,27.90610623,6.131951,10,13
12,4,22,1,13.46416258,5.941175,14,0
2,1,26,5,14.44231104,5.805659,10,13
2,4,24,5,32.92136542,6.099853,16,7
2,4,6,5,16.02681519,5.648513,7,1
10,44,46,2,18.79535645,6.5143830000000005,8,15
3,10,29,5,53.69844884,7.366952,-1,-1
3,14,14,5,55.09828224,6.698426,1,5
2,12,23,5,14.24850867,5.03126,-1,7
2,12,22,5,136.8309415,8.124383,3,2
2,4,26,5,20.00590045,5.715706,6,10
9,2,19,8,70.49067018,8.891691999999999,2,16
4,1,9,0,69.40245183,7.608714999999998,8,2
10,49,57,2,70.34043239,6.987013,3,12
9,13,24,8,47.62180931,8.558396999999998,2,5
2,13,17,5,14.27652264,5.754997,1,8
3,11,14,5,17.98338983,5.924987000000001,16,2
9,6,18,8,39.98476837,6.709109,1,-1
12,9,11,1,45.61931697,7.129692,5,4
4,1,11,0,145.8519469,7.965403,15,4
10,42,53,2,18.27376216,6.3325260000000005,-1,6
2,40,40,3,32.63049637,6.678075,-1,-1
2,17,24,5,33.79252262,6.370807,7,5
4,7,27,0,14.48579991,5.984911,5,1
10,43,43,2,20.35760586,5.662479,6,-1
2,4,19,5,23.93358258,6.745928,14,5
12,24,24,1,24.12071258,6.882797999999999,-1,-1
3,5,28,5,16.21914154,5.353354,15,12
2,4,17,5,21.27608561,5.601234,17,18
2,24,24,5,14.83235851,5.650265,13,-1
12,1,10,1,27.03295143,5.803743,17,14
2,4,13,5,16.85115822,5.278165,10,15
1,1,9,5,12.50898963,5.869273000000001,12,3
3,18,26,5,11.36491866,4.9709650000000005,12,8
2,4,9,5,14.79120559,8.378703999999999,14,5
2,14,23,5,26.59120313,6.248635,16,6
3,14,25,5,13.3587381,5.605266,14,6
10,50,54,2,16.14651525,6.122266000000001,0,4
10,51,54,2,17.5463788,5.986096,-1,12
4,2,25,0,14.3876494,4.832255,-1,0
3,4,23,5,23.02159584,5.710565,-1,4
2,12,28,5,29.10344189,5.834708999999999,15,2
12,4,13,1,14.94731675,5.013868,-1,-1
2,1,14,5,8.702856652000001,5.333503,-1,-1
1,10,18,5,15.51098764,5.440875,5,14
3,12,18,5,19.71847852,6.069954,16,4
4,4,15,0,59.5958129,10.504869,5,15
2,12,22,5,10.23786298,5.461244000000001,-1,-1
9,17,22,8,39.95604885,8.323447999999999,6,-1
3,3,5,5,5.866541028,4.773778,-1,-1
2,17,22,5,12.77408908,4.870674,17,4
9,5,13,8,21.29116661,6.40984,-1,1
2,3,5,5,16.60531773,5.965314,-1,-1
2,18,19,5,20.56871573,5.802122,2,7
2,11,29,5,6.976184257000001,4.426444999999999,8,13
2,8,9,5,9.433643039,5.741276999999999,9,10
12,9,13,1,16.29223327,6.101636,15,18
3,1,13,5,11.80600064,5.633935,-1,-1
2,1,21,5,12.47082934,4.92396,-1,-1
2,10,14,5,56.54015153,8.803230000000001,1,-1
2,12,16,5,14.14997666,5.415092,8,18
9,17,24,8,25.98986899,6.516356,-1,-1
2,16,19,5,11.9501979,5.181153,12,15
9,16,20,8,21.97819318,5.843495,-1,-1
9,6,18,8,28.77505845,6.281518,1,5
3,4,10,5,39.05574736,8.168205999999998,10,13
9,27,28,8,18.96663808,5.149583,5,0
2,4,17,5,17.93884327,5.329616000000001,-1,8
4,3,27,0,11.71369042,5.858967,1,12
12,4,12,1,16.48507422,5.194176000000001,-1,-1
9,2,2,8,33.16639326,6.496802,13,0
2,1,16,5,14.97358834,5.033047,13,2
9,1,13,8,17.72483774,5.343192,-1,9
9,17,19,8,51.62192402,8.561104999999998,3,0
9,4,22,8,19.07957165,5.935221,-1,-1
10,46,57,2,46.31276179,7.499336999999999,3,5
12,11,12,1,14.70198143,4.623233,9,5
2,9,13,5,39.80962208,6.421809,0,5
3,14,21,5,21.57886292,6.8331550000000005,3,17
1,1,17,5,15.30930059,5.6369940000000005,-1,-1
3,18,22,5,42.32078629,7.126894999999999,14,19
3,38,40,3,21.64628553,6.322279,1,9
3,12,17,5,19.78287113,5.234251,0,16
3,4,28,5,15.12601919,5.685939,6,13
2,14,19,5,12.67241255,5.122358,5,12
2,11,16,5,13.42939311,5.292285,13,7
2,10,23,5,23.32120169,6.32042,10,16
3,10,12,5,52.78504124,7.558017999999999,-1,-1
12,4,13,1,15.25623239,5.102562,15,6
2,11,25,5,13.91431307,5.270449,15,3
4,1,11,0,29.42240063,6.507189,-1,-1
2,4,17,5,16.80525508,5.755783,16,3
3,4,11,5,12.80790114,5.764483,-1,-1
9,17,23,8,40.01839874,7.090596000000001,0,3
3,13,18,5,30.64746474,7.1231800000000005,18,19
2,14,23,5,34.38732548,6.517128,13,18
3,1,23,5,16.52877983,5.90621,14,0
2,22,29,5,12.54479306,4.768506,13,12
2,4,12,5,14.86769268,6.080971,-1,-1
3,17,23,5,11.99842479,5.436028,1,-1
3,10,26,5,33.61596764,6.04063,1,7
4,3,7,0,23.53673478,5.541155000000001,9,3
4,2,17,0,18.59614307,5.879903,-1,-1
9,18,19,8,47.65238584,7.612999,0,14
12,9,11,1,32.87672328,6.783421000000001,15,5
3,14,14,5,78.65913951999998,7.299708,18,13
2,1,9,5,31.25745864,7.137127,-1,-1
9,1,16,8,63.03644988,7.346878999999999,15,6
2,38,38,3,19.90370816,6.889225,19,9
9,18,29,8,26.17238425,7.662244,12,5
3,5,17,5,98.03757546000001,8.384636,5,0
3,4,22,5,56.25974589,7.111238,5,8
2,14,27,5,13.25848209,5.195005999999999,-1,-1
1,10,10,5,24.16630716,5.49868,16,2
3,11,29,5,23.61394984,6.009787,7,3
2,18,23,5,17.44374502,5.603912,14,10
2,4,17,5,31.99071958,6.383312,0,-1
2,4,13,5,14.95474724,5.604142,19,5
9,3,18,8,34.58764994,6.465797,-1,-1
10,48,53,2,16.95137134,5.997991000000001,0,4
3,4,26,5,10.48995568,5.081701,-1,8
2,24,27,5,25.77907459,6.2161800000000005,3,2
2,9,16,5,17.61561631,5.74303,-1,15
2,9,24,5,47.007571,7.017882000000001,12,16
3,4,16,5,20.13720178,5.722497,-1,-1
2,13,14,5,14.57299365,5.5468720000000005,13,18
3,11,14,5,10.98557783,6.015639,-1,18
2,2,10,5,18.57664252,5.998296,-1,-1
4,3,3,0,10.04138402,5.460116,17,7
3,14,17,5,19.79328401,5.83009,-1,-1
9,16,18,8,106.8174695,8.297475,5,15
3,17,24,5,15.0475584,5.282101,-1,-1
9,2,16,8,160.09951,9.59024,-1,-1
1,10,12,5,54.43118273,6.918809,3,9
4,11,15,0,73.68282823,9.204331,7,2
3,14,21,5,14.22279244,5.738678,1,8
2,16,28,5,16.92025829,5.723706,1,3
4,4,19,0,20.45337758,5.676080000000001,17,-1
4,11,14,0,71.13808815,8.177944,10,5
3,18,25,5,9.224956839,4.646496,1,12
4,19,22,0,33.16761341,6.238256,10,3
2,12,16,5,91.27998576,8.398439,17,2
2,16,24,5,79.38962187,7.422478999999998,2,8
9,7,18,8,28.82599859,6.1684470000000005,-1,-1
3,4,17,5,13.27236717,5.390532,-1,-1
9,16,26,8,51.32909926,6.681808,7,0
2,4,28,5,12.56189462,5.077237,0,5
4,22,24,0,60.57007564,7.596485,13,12
9,1,1,8,13.97951809,4.882482,-1,-1
2,1,10,5,47.25154092,6.526214,17,0
2,9,18,5,25.76122341,6.630724000000001,2,-1
1,15,15,5,10.7206713,4.842716,-1,-1
3,10,29,5,27.23562773,9.316597,10,14
12,1,12,1,16.70384514,5.479506,-1,-1
3,22,25,5,17.77406337,5.85192,7,17
2,9,18,5,67.54702468,7.284128,10,19
4,1,5,0,62.57237803,7.120726,9,2
12,9,12,1,30.03768013,6.343572,-1,-1
3,14,29,5,10.02419369,4.4566,-1,-1
3,16,24,5,15.38117339,6.405931,1,15
9,2,17,8,44.19886509,10.700387,9,12
3,1,29,5,13.04458867,6.384213,1,17
9,13,20,8,17.71759109,6.268641000000001,-1,-1
9,2,4,8,12.35641934,5.277085,12,2
3,4,29,5,20.22449946,5.285264,12,4
2,21,22,5,13.08205806,6.135599,3,16
2,13,15,5,28.05440612,6.157830000000001,15,6
2,9,14,5,32.85948018,7.633306,5,1
10,54,54,2,19.98296829,5.42719,15,5
12,1,24,1,13.24947326,5.249738,-1,-1
2,12,18,5,19.00747803,5.685247,4,17
2,10,28,5,46.37744309,7.047953999999999,7,13
3,1,17,5,15.41355636,5.812259,-1,-1
2,4,29,5,15.07667176,5.349553,1,7
12,4,22,1,19.19895373,5.479445,-1,-1
9,5,24,8,19.04398049,6.161794,-1,-1
2,18,20,5,21.64438399,5.520867,3,5
2,11,29,5,20.09681025,5.748061,9,-1
2,10,23,5,32.72475091,8.086152999999998,19,17
9,12,22,8,17.868656299999998,5.414845,-1,-1
2,11,26,5,11.93654174,5.432837,6,12
1,1,29,5,11.3688808,5.390287,3,-1
2,10,25,5,65.99198964,7.282796,6,10
2,10,16,5,58.72258025,7.902002999999999,13,9
3,4,14,5,17.63720919,5.980544999999999,7,8
10,49,56,2,33.8495415,5.663824,-1,-1
2,17,26,5,14.40585706,5.708727,3,6
3,38,40,3,19.8049411,5.506858,-1,-1
3,1,18,5,15.35455013,5.523739,-1,-1
2,10,14,5,115.835244,8.592900999999998,-1,-1
2,10,29,5,82.0077223,7.029081,7,6
3,16,24,5,24.27672292,6.752089,4,5
3,1,27,5,10.95983346,5.33629,-1,-1
12,1,4,1,13.15626873,4.937993,-1,-1
3,13,14,5,20.1317163,5.547149,13,6
3,11,11,5,36.96108084,7.057617,10,1
9,11,18,8,77.32120696,7.084859,-1,2
2,16,24,5,21.41528408,5.959861,-1,-1
4,14,22,0,75.78961040999998,9.171745,0,8
3,5,17,5,65.00582219,7.62967,15,9
3,3,18,5,17.40733854,5.689235,4,2
3,4,9,5,38.72420694,7.789536999999998,-1,-1
9,2,18,8,17.51864016,9.31228,15,13
1,9,11,5,14.686130599999998,5.510142,2,4
2,14,27,5,16.18323556,5.501003,-1,-1
10,43,56,2,36.90635137,6.648548,1,0
3,13,22,5,10.94185169,5.125059,-1,4
2,4,24,5,20.98161238,6.186593,-1,-1
3,2,5,5,33.87966971,5.912901000000001,5,1
2,6,10,5,19.08550128,5.857718,17,19
3,1,4,5,12.96816594,5.235942,-1,5
2,10,29,5,86.507204,7.676939999999998,-1,-1
3,13,18,5,15.23677456,5.365395,5,3
1,8,10,5,16.53404273,5.08523,2,3
3,10,28,5,42.82319612,7.299238,18,-1
4,2,23,0,16.17368657,5.92322,-1,-1
2,14,26,5,22.36306191,4.842403,14,1
3,24,28,5,33.80176323,6.204497,8,2
9,2,18,8,456.2986475,10.14261,-1,-1
9,16,23,8,40.73537106,6.630814999999999,-1,-1
2,24,24,5,29.46022599,5.654323000000001,12,10
3,1,4,5,43.76800457,7.830339,7,4
2,4,18,5,28.53345204,6.207783,5,0
3,4,5,5,15.21988321,5.996048,-1,5
12,9,10,1,49.6294134,7.3599809999999986,8,-1
10,44,54,2,24.77768238,6.224036,4,1
3,11,14,5,11.48936684,4.967639,-1,-1
3,12,22,5,32.48205323,7.117542,15,6
3,4,22,5,48.35353891,7.369181,18,6
12,4,10,1,34.82985047,6.177385,-1,-1
3,1,25,5,10.73880607,4.925572,0,8
9,18,20,8,31.900732399999995,6.524604,13,15
3,2,16,5,8.463941464999998,4.728081,5,19
2,1,10,5,49.72548404,7.309008999999999,10,7
2,10,28,5,41.09430083,6.883649,5,15
2,10,11,5,28.50982532,5.98744,-1,-1
2,14,20,5,13.759072,5.498412999999999,-1,-1
12,11,22,1,11.56593475,4.9298,3,7
4,1,24,0,40.13182249,6.977169,-1,15
4,4,11,0,90.73051763,8.897631,9,1
2,14,17,5,29.38308175,6.413588,4,18
3,7,10,5,18.16310781,5.9569220000000005,14,7
12,2,18,1,12.96650858,5.06764,-1,-1
3,1,23,5,17.50644538,5.254832,-1,-1
9,7,18,8,31.90026787,6.093579,-1,-1
2,11,16,5,29.54122751,7.570738,3,8
3,1,2,5,38.48353779999999,6.875917,-1,-1
3,12,28,5,26.40187699,6.013203,18,10
4,1,19,0,37.64926837,5.621017,16,0
4,14,14,0,74.37900775999998,8.884732000000001,-1,-1
10,54,54,2,25.710531600000003,5.7929900000000005,4,2
9,18,23,8,30.75303367,6.119756,17,-1
3,4,12,5,19.31548961,6.554687,18,9
2,4,27,5,16.48229734,5.201329,3,0
1,4,14,5,18.34765462,5.780024,4,12
10,47,54,2,17.96347996,5.476816,-1,10
3,4,12,5,31.79983861,6.746921,13,4
3,13,16,5,13.11963696,5.412357,12,16
2,16,18,5,16.03415011,5.701259,9,0
4,11,14,0,46.98319438,6.418135,18,10
9,17,23,8,18.9959892,5.036315,7,17
12,4,4,1,21.16278015,5.780283,5,18
9,11,16,8,60.08913887,6.929061,5,-1
4,13,21,0,18.60530531,5.979998,4,16
9,4,22,8,26.49465285,6.575063,10,18
9,13,13,8,40.80572129,7.978878999999998,-1,-1
3,4,21,5,18.33032738,6.435225,9,14
2,22,23,5,15.66033128,5.574472,-1,-1
2,17,24,5,15.19902936,5.916580000000001,-1,4
9,5,13,8,111.0592749,8.637382,-1,-1
4,1,5,0,70.26442487,7.619391,10,16
9,1,17,8,14.58661558,5.315256,-1,-1
3,4,21,5,15.30385061,5.297067,16,10
2,18,22,5,12.86653883,5.496913,16,13
2,12,29,5,14.92859878,5.040179,15,9
4,1,1,0,75.87584230999998,8.109986,-1,8
3,10,16,5,114.3937429,7.83967,15,0
3,4,6,5,16.1980337,5.470841,0,12
1,15,22,5,22.40721792,6.300967,10,17
9,7,16,8,30.44831479,5.929644000000001,13,-1
3,38,41,3,27.07336151,5.846434,5,18
2,1,17,5,36.71873028,6.27024,1,4
9,13,16,8,81.19052643,7.499639,3,5
3,38,40,3,29.82491516,5.643086,13,0
3,14,21,5,71.52350851,7.139253999999999,2,0
3,12,17,5,53.7682751,7.365897,4,0
3,18,22,5,11.99038449,5.18959,4,6
3,4,25,5,10.65035579,5.340998,8,0
12,10,24,1,14.92067734,5.49381,-1,-1
3,11,28,5,12.40006411,4.887827,2,13
3,22,22,5,29.18416543,7.331271000000001,-1,-1
4,27,27,0,22.12528459,5.339933,7,17
9,22,24,8,43.96998881,8.123839,0,9
3,10,11,5,30.60869384,7.886019,8,6
4,19,22,0,77.7601167,7.933383999999998,4,7
2,17,29,5,10.02415377,4.840924,6,12
10,51,55,2,14.93776107,5.257625,12,8
3,2,16,5,7.849686104,5.074601,7,6
4,17,17,0,20.5592301,9.280080000000002,10,18
9,16,22,8,62.28636776,9.850964,-1,-1
1,12,13,5,17.38448439,5.658528,10,14
3,16,25,5,12.48629236,5.422831,19,17
9,5,16,8,111.26363729999998,8.830036,14,-1
3,13,17,5,11.43101511,5.176052,12,-1
1,10,16,5,12.46489374,5.395758,19,9
2,18,24,5,14.98191241,5.044693,13,15
4,1,5,0,28.64543124,7.131697999999999,4,12
2,10,26,5,10.16582982,4.70112,-1,-1
3,18,19,5,12.76631253,5.890234,2,9
2,2,5,5,57.30015255,8.490905999999999,-1,-1
3,22,28,5,20.83616959,5.547901,16,9
3,12,16,5,28.3716162,6.32335,-1,16
2,14,26,5,12.54534496,5.504561,12,9
12,9,22,1,50.4658749,6.951321000000001,-1,15
3,1,4,5,93.43529769000001,8.787471,2,18
2,16,16,5,18.021669600000003,6.070164,16,15
2,10,29,5,60.42556327,6.914606,-1,-1
10,54,56,2,16.22048089,5.644181,13,12
4,7,27,0,15.65048015,6.137727,6,2
12,1,24,1,47.01393871,7.027128,3,18
3,5,7,5,46.48380083,7.344711,-1,-1
3,4,10,5,21.78945051,6.177318,16,15
2,1,12,5,37.22152439,7.759486,-1,-1
3,1,14,5,57.79833999,7.797528,10,12
4,6,17,0,23.07833374,6.07247,2,-1
2,14,22,5,46.22500092,7.639602,-1,-1
9,18,22,8,107.8065699,8.625424,15,1
3,12,17,5,27.65036939,6.871159,-1,-1
2,14,27,5,17.56357971,5.572403,13,15
2,12,29,5,8.893391684,4.283980000000001,-1,-1
9,17,24,8,23.41335961,5.924015,5,12
2,1,5,5,75.37543941,7.877936,-1,-1
2,4,14,5,15.88127615,6.178301,4,17
9,16,16,8,75.50016841,7.825025,-1,-1
9,5,2,8,36.57322702,9.229379,12,0
3,16,24,5,14.64794038,5.575004,13,5
3,18,18,5,21.15589481,5.800549,15,2
2,18,18,5,16.65857674,5.230706,-1,8
2,4,18,5,18.64760601,6.025878,5,17
2,1,16,5,21.36764888,5.48125,15,4
3,1,12,5,55.28997186,7.56693,0,18
2,4,9,5,51.44333211,7.897572,13,18
4,4,19,0,20.69367521,5.403986,-1,-1
2,2,5,5,12.78475041,4.772687,-1,-1
9,3,28,8,16.056162699999998,6.449573,4,13
3,14,18,5,27.87242826,5.928354,17,15
3,18,21,5,21.43568378,5.7624010000000006,3,4
12,4,24,1,16.04682256,5.574978,12,13
3,18,28,5,13.62404036,5.515093,3,7
2,4,4,5,14.52920759,5.826024,-1,-1
3,10,27,5,38.34403097,7.525655,8,7
9,18,28,8,45.39709237,7.3589509999999985,-1,-1
9,4,22,8,36.12307085,7.842660999999999,6,12
2,16,24,5,16.71280008,6.1689680000000005,8,-1
3,14,14,5,70.59261535,8.549341,-1,-1
2,4,16,5,16.63486455,5.892601,13,6
3,18,19,5,14.45249062,5.482371,12,6
3,14,25,5,12.63402929,5.369733999999999,-1,-1
1,9,24,5,16.58274993,5.713178,7,5
2,18,24,5,28.03144829,6.893741,13,6
3,9,11,4,10.45741255,5.462123,5,7
2,9,18,5,34.47272745,8.142709,1,10
9,10,29,8,73.42241192999998,7.305103999999998,-1,-1
12,22,22,1,33.63499308,7.225847,16,-1
3,17,17,5,11.83268407,4.586882,-1,-1
4,4,9,0,86.69361497,9.26115,-1,-1
3,17,27,5,11.48792065,5.368953,-1,-1
3,1,3,5,25.16506049,6.819656,1,2
4,5,24,0,45.03977799,6.761450999999999,15,18
3,16,18,5,10.17046084,4.903283,15,6
2,3,13,5,10.34685647,5.29171,3,15
10,48,51,2,44.92299775,7.670282,0,4
2,11,14,5,13.35334557,5.675132,7,18
9,16,26,8,41.70312361,6.430353,0,16
3,14,22,5,21.82634065,8.044834,7,19
1,9,15,5,15.8727345,5.701179,-1,-1
2,8,22,5,12.00824881,6.103881,2,9
2,1,22,5,15.49228326,5.679166,-1,-1
2,4,5,5,19.13393494,6.088398000000001,-1,-1
3,4,20,5,14.52064935,5.10542,6,-1
3,10,18,5,66.79266624,7.127314,-1,-1
3,2,7,5,12.9917578,5.531725,-1,-1
3,11,17,5,10.50881904,4.403933,-1,-1
2,4,10,5,90.72941359,8.053452999999998,4,-1
9,2,22,8,72.27271186999998,10.04545,15,12
2,18,23,5,12.89520548,5.485641,10,0
3,5,7,5,18.964312300000003,6.300104,-1,-1
2,18,23,5,8.66467761,4.990481,8,3
3,10,29,5,49.07261717,7.187831,12,13
12,4,13,1,26.14703399,6.279356,1,2
3,14,29,5,11.74627912,5.098028,-1,-1
2,14,26,5,12.38212942,5.245369,15,-1
3,2,16,5,11.53789302,5.607457,16,9
9,5,18,8,14.82772578,8.617161999999999,18,-1
9,16,17,8,40.33873555,6.692710000000001,13,5
3,2,18,5,10.87951492,5.100839,18,6
3,1,17,5,16.33092361,5.739617,-1,-1
4,1,4,0,64.42263191,6.452689,-1,5
4,4,15,0,62.5792791,8.244467999999998,-1,-1
9,18,24,8,81.50383459999999,8.760234,-1,-1
4,17,17,0,40.15362582,6.018731,-1,-1
9,5,24,8,27.42488175,6.944380000000001,18,10
3,7,16,5,11.31429097,5.202496,15,14
9,3,18,8,31.83665713,6.750181,-1,-1
2,4,11,5,32.94776569,6.478448,17,10
4,1,11,0,48.86421228,6.757542,-1,-1
3,17,24,5,13.17782812,5.138281,12,7
2,4,18,5,35.17027176,6.25597,0,-1
2,14,22,5,21.98808015,6.541102,-1,-1
3,4,16,5,36.40484502,6.90762,0,-1
3,22,22,5,38.14413816,7.178661,-1,-1
9,4,5,8,19.4234773,5.580781,-1,-1
2,13,20,5,18.5464168,5.983031,13,3
12,4,13,1,19.06493565,5.225148,0,18
9,13,21,8,22.9881224,6.288094,19,0
3,3,10,5,12.00450648,4.843883,7,6
3,10,26,5,16.82990002,6.144181,15,13
3,4,16,5,22.15342076,6.147303,-1,-1
3,1,18,5,23.38203963,5.765458,13,10
2,16,16,5,26.45437147,5.953829,-1,-1
9,4,2,8,37.93293346,7.097592,-1,0
3,14,14,5,45.17912779,7.598486999999999,4,8
9,11,18,8,69.55720131,7.851908,1,4
3,13,17,5,12.35444501,4.9549,-1,-1
3,38,38,3,13.04801323,4.904367,-1,15
3,2,5,5,39.67769545,6.008369999999999,2,-1
9,4,11,8,15.87300568,5.471287,-1,-1
2,9,18,5,31.66796511,6.520723,5,17
1,24,24,5,16.70227713,6.095968,14,7
9,6,18,8,17.35845046,5.689849,15,10
9,2,18,8,133.05765490000002,8.743799000000001,-1,-1
2,18,24,5,30.19956071,5.750742,10,2
2,7,10,5,14.18077826,6.717892,14,1
2,14,26,5,20.01597398,5.48117,-1,-1
10,43,54,2,21.5088892,5.6286510000000005,6,17
9,10,28,8,39.73816967,6.890239,5,12
4,7,7,0,21.35634226,5.782266,1,-1
4,11,15,0,35.66643059,6.877653,-1,-1
2,9,18,5,19.65229671,5.595554,5,1
2,1,17,5,15.95925755,5.507869,-1,-1
2,1,18,5,22.84230123,6.8580630000000005,-1,-1
2,1,13,5,21.74312628,5.953868,-1,4
2,14,16,5,24.56963322,6.240585,-1,-1
2,4,24,5,27.99258059,7.385299,5,3
2,22,22,5,22.68228294,5.991147,15,13
2,1,23,5,13.49805134,5.063808,7,16
2,14,23,5,25.31734659,5.77343,-1,13
3,4,22,5,34.33581214,6.6750300000000005,15,0
3,18,24,5,11.77477443,5.349459,-1,-1
9,6,18,8,30.70428821,6.067214,-1,-1
2,10,10,5,64.29638934,7.866691,-1,-1
9,6,18,8,33.27708198,6.277391000000001,18,12
3,14,18,5,50.08706807,7.157073,0,18
9,13,24,8,10.46392552,5.606559,17,13
4,4,4,0,59.10678498,8.583704,-1,-1
3,4,24,5,37.7415638,6.405159,0,5
2,17,26,5,10.22717227,5.319435,14,-1
12,12,22,1,17.65432981,5.696829,15,14
4,14,19,0,27.46888969,5.850702,-1,-1
2,4,5,5,36.72946389,6.342058,7,17
3,22,25,5,10.88930569,5.11402,15,19
2,13,14,5,14.72665331,5.381412,3,17
3,4,22,5,33.08273533,7.129581,7,9
2,14,19,5,33.32411965,6.455495,6,18
9,18,29,8,47.72107143,9.269446,-1,4
9,16,16,8,62.56170654,6.883872,15,2
2,17,22,5,15.52989332,5.481532,13,7
2,13,15,5,17.47397166,5.63389,-1,-1
2,18,27,5,16.69855423,5.7386040000000005,6,1
9,13,2,8,81.49099253,9.066821,8,15
3,10,25,5,13.78583101,5.440657,-1,-1
4,1,22,0,69.30536615,7.763494,17,13
2,11,29,5,15.28979621,5.448308,15,7
3,3,13,5,6.706266172,4.951499,3,15
2,14,20,5,21.52478434,5.833144,7,3
12,4,11,1,26.91296767,6.347084,15,1
9,17,25,8,29.39355756,7.650922999999999,4,7
4,4,22,0,77.34875277,8.210471999999998,-1,0
4,11,14,0,99.69745969,9.811625,2,15
2,9,17,5,34.64757268,6.408318,-1,-1
2,16,20,5,16.99888311,5.620591,10,-1
3,12,15,5,14.12647858,5.322498,-1,-1
9,11,2,8,42.95462375,6.783503,13,0
3,2,9,5,12.13952734,5.136142,13,1
9,2,13,8,50.41250335,7.346977,0,19
2,34,35,6,11.05440687,5.547907,3,15
10,43,56,2,20.36970729,6.676969000000001,1,2
3,38,38,3,33.3263354,6.4853,5,19
2,2,9,5,15.47847997,5.101895,-1,-1
3,11,13,5,29.83107173,6.042294999999999,0,4
3,36,36,6,15.67028342,5.34028,-1,7
2,12,21,5,11.99108476,5.550996,13,9
9,3,17,8,10.37343021,5.057329,15,1
3,22,28,5,17.15970177,5.085586,8,15
3,1,4,5,16.97930087,5.768431,18,13
9,18,19,8,64.32997938,7.275722,-1,-1
9,13,24,8,41.47750736,7.068922,18,8
2,11,14,5,16.41606232,5.384355,8,-1
9,11,2,8,47.38482249,7.492632,13,4
3,12,18,5,27.02049112,6.20531,18,19
2,1,29,5,12.01224871,4.833208,8,16
3,10,29,5,30.55970787,6.607136,-1,-1
3,13,16,5,12.26889327,4.739954,6,5
9,11,16,8,37.45816716,9.88596,3,15
2,4,23,5,23.77991315,6.241965,9,18
4,4,19,0,29.89659128,6.024518,-1,-1
2,16,26,5,15.13872817,4.923702,4,-1
3,2,22,5,15.01305665,5.909529,4,9
3,16,22,5,24.04005533,6.18489,15,6
9,16,26,8,38.58564805,6.343509,-1,0
2,24,28,5,11.37889718,4.994071,7,-1
9,11,2,8,70.01845018,7.415757000000001,17,5
3,16,18,5,16.20447229,5.199217,10,9
2,1,17,5,14.55877007,5.109966,13,-1
2,13,23,5,12.74351235,5.282796,-1,-1
2,41,41,3,32.58414547,7.014797,-1,-1
2,13,16,5,18.44622894,5.59729,15,6
9,17,22,8,64.49999197,7.164931,15,0
3,1,10,5,32.76805702,7.903562,4,7
2,14,29,5,13.28725302,5.102499,-1,-1
2,18,28,5,9.485784337,5.280131,16,3
3,18,22,5,10.22876624,5.1422870000000005,-1,10
2,10,29,5,37.55141211,7.258909,15,13
3,12,14,5,23.30733745,6.248277,5,1
2,4,29,5,17.40665315,6.204267,15,9
4,7,27,0,13.95422861,5.535952,5,12
2,22,26,5,22.87466189,6.323526,3,5
4,17,25,0,26.32574273,5.800035,0,15
9,4,16,8,99.1904738,7.551699,-1,-1
2,14,22,5,28.20019402,7.5827149999999985,4,8
1,9,22,5,16.67438561,5.548764,10,14
3,17,27,5,12.12110092,5.750772,0,3
3,1,17,5,13.15887336,5.148807,-1,-1
3,14,19,5,13.05338386,5.714103,5,1
2,1,14,5,63.36091081,7.929295,8,4
2,14,28,5,36.72251246,6.950653999999999,2,18
2,10,26,5,25.74187366,6.63744,-1,-1
2,11,13,5,43.06778803,5.815734,9,4
4,19,22,0,45.49936088,7.382558,3,17
2,21,24,5,37.7223684,6.090927,3,9
3,14,27,5,12.55717508,5.325853,15,18
9,16,20,8,37.52522727,6.2928370000000005,1,5
3,1,14,5,44.78882057,7.245421,-1,-1
12,1,9,1,17.69613723,5.453101,-1,-1
2,17,21,5,12.63095855,5.422056,9,15
2,4,9,5,33.25176913,7.409217,17,5
3,4,12,5,35.75549331,7.313623,4,9
3,4,17,5,17.49089723,5.4006940000000005,5,3
10,44,48,2,67.71471175,6.247024,-1,2
2,9,21,5,35.88646615,6.984379,7,5
12,1,4,1,17.35307224,5.100643,15,16
9,11,2,8,60.43250048,6.841795,5,12
2,9,19,5,37.23021041,7.698796,10,-1
3,4,19,5,18.08478651,5.816293,7,8
9,6,16,8,28.86345065,5.70239,-1,-1
3,4,17,5,19.17806858,5.690835,-1,18
12,9,24,1,92.0667467,8.337587,2,18
9,12,22,8,31.99679246,6.555062,17,9
12,9,13,1,32.26906303,6.769842,19,4
3,13,22,5,26.0011143,6.545838,12,4
2,1,5,5,16.10313784,5.540589,-1,-1
3,16,22,5,22.51340729,5.5785800000000005,-1,5
2,12,26,5,11.60753241,5.490328,10,1
2,14,28,5,11.12829694,4.760243,7,4
9,16,18,8,57.02813629,7.242274,15,10
10,49,54,2,24.36679553,6.550253,-1,-1
2,7,15,5,10.10314003,5.108949,4,3
12,13,17,1,13.58953601,5.607965,0,6
9,11,16,8,132.75907809999998,8.20214,17,10
9,10,28,8,49.60484246,7.985013999999999,4,8
2,1,8,5,26.34463402,5.645974,4,1
9,12,18,8,23.3157445,7.245655,4,7
3,14,18,5,20.54224542,6.220163,16,-1
12,24,24,1,35.60313115,6.490839,-1,-1
4,1,24,0,43.36284129999999,7.585495,0,2
2,13,16,5,12.51132181,5.312553,5,4
3,14,21,5,12.08884307,5.5707260000000005,4,1
1,15,22,5,44.45576324,6.416713,0,14
3,11,11,5,32.73065117,6.4739,19,5
2,14,14,5,39.94811623,7.156699000000001,-1,-1
2,3,5,5,9.929167603,5.037177,15,7
2,17,24,5,17.96432102,5.767014,9,18
9,6,18,8,38.11614443,6.230581,13,14
1,14,24,5,11.80316432,5.604813,-1,6
4,4,11,0,67.51080792,8.17277,-1,-1
3,17,22,5,11.0527217,5.143118,-1,-1
2,18,24,5,14.90815654,5.790516,12,5
3,16,17,5,23.17842178,6.886497,14,2
4,11,15,0,65.11644457,7.764939,-1,5
3,13,23,5,50.54465667,6.242936,4,3
3,14,18,5,27.9051385,6.342596,17,13
3,1,2,5,10.28022649,5.084385,13,5
12,13,17,1,9.839586381,5.17224,-1,-1
2,16,29,5,8.350634842,4.932438,17,6
12,17,18,1,18.52795293,5.446577,-1,-1
12,4,11,1,24.03003797,5.957546,17,1
12,9,13,1,31.46132818,6.045453,-1,-1
9,16,25,8,36.43809128,6.433146,1,8
4,1,4,0,81.29269461,8.067142999999998,15,2
9,7,23,8,32.34749407,6.293625,2,-1
3,3,4,5,15.87229919,5.068614,9,14
3,13,15,5,22.46583288,5.659522,8,0
2,24,29,5,18.73917319,5.404005000000001,6,7
2,14,22,5,32.78511757,6.745681,-1,-1
4,1,19,0,19.37441696,6.025603,4,3
2,4,16,5,27.8955769,5.897667,0,13
3,10,11,5,65.00564255,7.308122,13,10
2,17,17,5,18.72833474,5.324024,10,4
3,18,24,5,24.9408955,5.822549,3,18
3,24,27,5,33.71950847,6.899797,19,-1
3,11,24,5,28.28115616,7.233022,19,1
9,18,27,8,27.49975106,5.884679,12,15
4,2,17,0,39.01257366,6.406697,14,10
9,1,4,8,28.56303304,6.685735,18,4
3,11,14,5,12.01130306,5.234034,-1,-1
3,10,24,5,27.7052327,6.280085,-1,-1
3,4,22,5,71.13143528,7.734972999999998,0,17
2,15,23,4,19.94345005,5.763482,6,0
9,11,16,8,61.34334469,7.3057,-1,-1
10,50,56,2,60.5078379,8.457597999999999,2,8
12,4,24,1,15.15120087,5.496974,13,18
2,10,24,5,13.25088607,6.761194000000001,-1,-1
2,1,21,5,20.4178105,5.378108,-1,-1
2,1,11,5,23.73941202,6.657775,-1,-1
3,24,28,5,10.04999287,4.967927,2,15
3,1,22,5,17.21572417,5.534904,15,10
3,11,14,5,24.26733118,7.512758,1,9
9,2,19,8,48.47052187,7.519233,-1,-1
2,11,17,5,19.24456293,5.729248,3,7
2,12,25,5,16.45815147,6.060378,6,13
2,4,18,5,27.00368375,6.543682,3,7
3,11,29,5,14.70181824,5.43552,1,7
2,11,23,5,16.06464121,5.552933,2,5
2,14,24,5,29.64223828,7.088544000000001,-1,-1
2,4,29,5,14.16289863,5.633506,4,5
3,13,26,5,15.81375136,5.895968,17,2
2,12,25,5,34.46751089,7.33966,8,19
2,12,16,5,24.61110844,6.05386,1,15
9,2,11,8,16.10878982,5.114219,-1,-1
3,1,12,5,30.54886735,6.0335730000000005,-1,-1
3,2,2,5,17.40043939,6.676535,3,-1
3,1,26,5,8.158936494,4.885154,-1,-1
2,9,11,5,49.05737243,7.230105,18,4
12,4,22,1,21.29891614,6.40847,-1,-1
9,2,11,8,16.99474347,5.405616,13,14
3,14,29,5,12.13723268,4.672278,-1,-1
9,5,24,8,21.15141087,6.750732000000001,13,17
2,16,21,5,12.57039983,5.622184,10,17
3,14,25,5,17.42999631,5.372584,0,5
2,11,14,5,18.25080644,6.297985,5,10
2,12,25,5,10.19018932,5.168922,8,14
4,11,22,0,31.42393473,6.090573,15,8
9,16,26,8,50.57929075,5.788895,18,3
2,1,25,5,14.01512373,5.477515,1,2
2,11,29,5,8.082624947000001,4.658492,-1,-1
3,9,9,4,10.27583068,5.313097,8,9
9,4,24,8,26.63027008,6.624903999999999,10,9
1,9,24,5,26.24510838,6.247939,1,-1
2,11,14,5,28.37091922,6.645600999999999,4,7
2,12,13,5,18.81273801,5.788273,0,6
2,4,4,5,16.02989068,5.812192,-1,-1
3,12,22,5,26.2576849,6.550194,17,3
4,11,15,0,45.46015949,6.859235000000001,-1,-1
2,17,29,5,14.71146487,5.569587,0,3
2,4,23,5,17.11110832,5.749726,4,16
3,17,25,5,15.97593946,5.445509,4,-1
9,5,16,8,97.56335547,8.251600999999999,-1,-1
2,1,29,5,31.98905871,6.468734,10,1
2,4,23,5,13.27024496,6.371011,9,-1
3,2,18,5,7.790691725,4.95776,12,6
2,1,28,5,47.55698094,7.471127,2,5
3,4,5,5,27.77502966,7.418087,17,7
9,18,23,8,38.4547826,6.880063000000001,3,10
9,1,22,8,12.73027829,5.230951,-1,-1
3,4,4,5,18.056845000000003,5.501875,-1,-1
2,14,18,5,30.17840591,7.245862,7,14
2,5,28,4,13.40806812,5.476371,-1,-1
9,27,27,8,12.39841775,5.227811,6,5
2,10,14,5,44.03952321,8.07386,5,6
2,18,19,5,9.235184982,4.852702,-1,-1
2,5,8,5,12.64214566,4.885076000000001,4,-1
10,43,54,2,16.52893128,5.374382,13,-1
3,38,40,3,38.72832187,6.672877000000001,3,6
3,38,38,3,15.95068445,5.155147,-1,-1
3,1,10,5,24.42179982,5.945017,-1,-1
9,5,13,8,33.71889973,8.940948,0,19
3,1,25,5,19.06325264,5.961035,18,4
4,13,21,0,46.50910105,5.925648000000001,-1,2
2,1,26,5,17.00138614,5.393307,3,10
2,4,12,5,14.11715895,5.218729,-1,-1
2,14,23,5,33.26427494,7.074031,8,16
3,18,27,5,11.17216706,4.941472,4,5
10,43,52,2,19.1663143,6.396768,8,16
2,14,17,5,21.40385652,5.7948830000000005,12,0
9,2,20,8,79.58493487,7.575951,16,7
4,6,17,0,27.63830907,5.206477,-1,5
2,4,17,5,13.10649667,5.8864410000000005,8,15
4,1,22,0,88.56262771999998,7.762113999999999,4,-1
12,4,9,1,30.37587227,6.925798,10,0
2,6,13,5,13.53052737,5.72986,9,3
4,22,22,0,46.46961233,7.827063,-1,-1
9,19,23,8,18.60110693,5.853801,1,19
10,54,54,2,18.67588171,5.693723,-1,-1
2,12,25,5,25.41701905,5.483128,16,0
12,1,10,1,18.42732085,5.769108,-1,-1
12,1,10,1,18.47160775,5.474542,-1,-1
3,14,14,5,59.88322806,6.79513,13,5
9,5,16,8,47.35884129,7.6547,16,0
1,9,15,5,21.68972381,5.465159,10,0
4,4,22,0,49.43993676,8.119739,-1,7
3,4,24,5,15.96883391,5.402344,-1,-1
4,11,14,0,55.19486518,7.217233999999999,-1,-1
9,18,28,8,34.02804395,6.44108,-1,-1
2,16,25,5,11.59038594,4.979956,-1,-1
3,36,36,6,14.71175391,5.589078,2,10
2,16,21,5,10.31853888,4.953215,-1,-1
12,1,24,1,40.47966299,7.097629,2,13
2,18,18,5,12.8564248,5.237104,16,15
2,10,25,5,12.19715784,5.057935,-1,16
2,22,28,5,61.57282118,7.752378,0,2
2,18,28,5,17.61229556,5.733701,9,15
3,1,9,4,24.964623,5.58631,3,0
1,4,15,5,25.48068563,6.28426,2,5
3,13,29,5,10.80180716,5.0599680000000005,6,10
9,2,13,8,50.47274743,5.599903,4,8
12,1,9,1,39.66973799,5.913214,1,0
4,2,17,0,24.31533307,6.04866,15,7
9,25,27,8,28.49290073,6.058653,5,3
3,13,24,5,12.01714768,5.611303,-1,-1
2,4,4,5,13.09884645,5.734551000000001,5,17
3,25,26,5,11.54018785,5.064997,2,19
2,12,16,5,22.80049468,5.76835,6,15
2,10,27,5,57.61166678,7.041233,1,4
3,5,12,5,38.20826751,7.278351,16,3
2,1,12,5,15.85156307,6.700166,13,14
4,14,19,0,27.07301868,6.637192999999999,-1,-1
2,4,19,5,25.20932108,6.067255,17,9
3,2,16,5,11.1084653,5.330357,8,3
3,12,18,5,12.38440347,4.899108999999999,-1,-1
3,18,29,5,18.1818094,5.134996,1,3
3,16,24,5,18.12681259,6.161201,7,8
4,1,5,0,46.14754976,7.670509,5,6
2,1,18,5,66.95233377,7.886499,2,9
3,8,18,5,17.04617536,5.176913,14,3
9,5,2,8,17.4806469,9.397871,5,12
2,9,24,5,204.9387726,9.163787,7,2
3,18,19,5,12.69013092,4.808593,-1,-1
9,3,28,8,15.59782511,5.363317,4,1
4,22,22,0,84.13576675999998,8.426178,-1,-1
3,16,24,5,12.02293175,5.228113,-1,-1
2,22,28,5,15.49893879,5.135123,16,4
1,9,22,5,22.46615903,6.067242,0,-1
3,14,18,5,22.72562153,6.109881,8,16
9,3,17,8,11.45489798,5.182549,-1,-1
3,22,25,5,14.13808151,5.278603,1,5
3,8,18,5,13.99903054,5.465985,10,3
3,25,25,5,22.2871972,6.17197,-1,2
3,5,7,5,28.54332322,6.291348,18,13
9,2,20,8,37.59580562,7.274089999999998,13,4
2,4,11,5,13.9535736,5.396208000000001,-1,-1
4,2,17,0,52.58386528,7.928461,0,8
3,12,29,5,20.77024196,6.053674,2,10
12,1,22,1,16.702672,6.03231,2,13
4,1,4,0,34.19673005,6.286417,-1,15
4,4,4,0,90.03201396999998,9.225145,10,5
2,1,22,5,20.31413837,5.976216,-1,-1
4,6,7,0,16.99673714,4.727642,7,9
4,11,19,0,26.36927733,6.583219000000001,4,10
9,17,17,8,15.11190977,5.586094,-1,-1
9,12,2,8,26.57968509,7.434802999999999,1,13
3,13,21,5,24.63857557,6.166111,19,12
3,40,40,3,32.48237212,6.941819000000001,-1,-1
3,12,18,5,24.59410496,7.2933059999999985,10,5
9,1,22,8,23.55835666,5.447124,-1,-1
3,2,17,5,7.968487839,4.292162,-1,9
3,8,9,5,9.822307205,5.542024,19,-1
2,14,27,5,16.39583634,5.818503,3,17
1,15,22,5,16.7916557,5.207839,-1,1
4,7,27,0,29.75392139,6.291774,3,10
2,2,16,5,7.847067485,4.641924,-1,-1
3,18,27,5,10.02072526,5.228688,7,6
2,10,23,5,21.60080183,6.120216,6,18
3,4,14,5,36.3635094,6.973978999999999,8,1
2,8,10,5,7.846767200999999,5.767218,-1,7
9,18,27,8,27.91692957,6.02262,0,12
3,13,27,5,18.54558488,5.577244,14,3
2,4,24,5,33.51403618,6.300389,-1,-1
4,1,15,0,41.74757609,7.440402,-1,18
3,8,10,5,15.21917353,5.961651,8,0
3,1,21,5,24.45750572,6.713914999999999,9,14
9,11,17,8,24.22088728,5.706525,0,2
3,10,15,5,103.8076339,8.375933,-1,-1
4,27,27,0,17.84638519,5.238766,3,15
9,18,20,8,34.28898526,6.579616000000001,10,12
2,18,22,5,14.0254509,5.290163,12,5
4,2,17,0,35.38484396,6.812336,6,16
3,11,17,5,16.6896466,5.841997,8,18
12,10,24,1,77.08281339,8.398702999999998,-1,-1
3,10,29,5,39.60640649,6.787274000000001,-1,12
3,13,17,5,18.68141463,5.505145,12,8
2,4,4,5,62.71241315,7.129157000000001,18,2
9,2,25,8,57.23172633,8.116946,0,13
3,7,15,5,15.15641496,5.692937000000001,6,17
3,4,29,5,26.69556134,6.386452,19,18
4,1,5,0,40.42606037,7.186795,1,5
2,12,14,5,92.44863710000001,8.498507,1,5
3,5,23,5,29.498436,7.839747999999998,-1,-1
3,15,22,4,49.10413276,5.339962,0,6
3,10,24,5,31.33251893,7.209861,-1,-1
2,25,26,5,11.57914705,5.384652,3,5
3,4,26,5,13.09045697,5.11777,-1,7
10,55,55,2,65.89226671,7.374733,4,2
12,1,10,1,21.22353778,5.738742,1,8
10,46,54,2,34.32293237,6.2160150000000005,17,13
2,1,16,5,13.21279825,4.981172,-1,-1
3,12,17,5,11.19708015,5.032236,12,1
3,14,26,5,17.43332129,5.229063,-1,-1
3,1,2,5,17.62732486,5.580254,14,10
2,4,26,5,14.77457678,5.475413,8,3
3,10,13,5,46.5904003,7.214546,-1,-1
2,12,22,5,27.13859845,6.987837,2,17
3,38,40,3,19.43003378,5.6001080000000005,-1,-1
3,18,23,5,11.68002035,5.636912000000001,9,6
3,1,7,5,22.49865218,6.762244,18,14
3,10,15,5,51.76766834,7.886655999999999,-1,-1
2,4,12,5,12.73440912,5.271281,-1,-1
3,4,18,5,30.12626143,6.812862,-1,-1
2,1,8,5,19.53007704,5.576269,8,18
4,1,1,0,44.26438761,8.591194,-1,-1
10,52,57,2,48.96797172,7.270719,6,0
3,22,24,5,16.36972774,5.740941,-1,-1
3,4,22,5,49.71635228,7.136046,2,15
2,13,18,5,10.82327291,4.827902,-1,-1
2,10,26,5,117.486156,7.157868,17,13
3,4,13,5,22.50102349,6.500598,9,8
9,4,22,8,85.46842818999998,8.653536,12,19
2,2,9,5,18.62102552,5.17425,4,5
3,16,24,5,51.11746053,6.883591,1,0
3,3,7,5,6.436352027000001,4.644996,-1,-1
12,22,24,1,57.10976763,6.962238,3,16
2,2,18,5,13.08103916,5.022189,9,2
2,1,16,5,15.73314871,5.286548000000001,15,5
9,2,20,8,67.46047749,7.338166,12,5
3,36,36,6,15.31726621,5.211743,8,19
3,11,13,5,17.49552917,5.6568760000000005,10,6
3,13,28,5,20.40917137,5.490178,5,2
2,18,26,5,11.66968367,5.065701,-1,-1
3,4,19,5,31.7333935,7.227436,12,19
4,1,11,0,70.52835436,7.764267999999999,15,5
2,2,22,5,12.17894722,5.540421,3,16
4,14,22,0,49.11943468,10.230352,0,-1
9,13,21,8,25.09842327,5.953062999999999,10,0
9,28,29,8,13.09709254,4.905611,15,1
4,11,22,0,36.25315785,6.792686,6,-1
2,15,22,4,12.4622983,5.60053,12,5
3,16,25,5,8.657595534,5.107773,12,-1
3,12,17,5,23.67625994,6.086487,17,8
4,27,27,0,18.40554324,5.390574,7,14
9,23,27,8,12.99407957,6.321594,-1,-1
2,4,26,5,9.485624112,4.734462000000001,16,17
4,19,24,0,38.24597079,6.426518,-1,-1
2,1,16,5,21.53818597,5.623258,-1,-1
12,22,22,1,14.01135803,6.152541,4,6
9,7,16,8,40.01129219,6.55167,-1,-1
3,14,16,5,27.98345391,6.886276,-1,-1
3,11,18,5,14.77296898,5.730853,5,8
4,12,15,0,51.5106096,8.174660000000001,-1,-1
3,16,19,5,11.36126935,4.832188,15,6
12,22,22,1,13.91808841,5.816978,1,10
2,1,16,5,17.61182266,5.613829,-1,1
4,11,15,0,30.47673175,6.340446,5,-1
2,4,12,5,11.82768165,4.889931,-1,-1
9,11,12,8,19.66414986,6.232193,2,-1
3,16,19,5,11.75361806,5.300563,8,5
3,13,22,5,12.68465606,5.731612,-1,7
2,2,14,5,12.88508191,5.399359,-1,3
2,4,29,5,14.44787753,4.636859,7,-1
9,18,19,8,84.44803661,6.525215,5,4
4,3,3,0,10.50243551,5.193145,8,0
2,1,9,5,55.62239026,7.337748999999999,10,12
4,2,17,0,24.67810771,6.877605,3,13
9,16,19,8,58.35255251,6.872381,5,13
3,10,23,5,11.32943444,5.27754,-1,18
3,9,9,4,15.79603785,6.391227,1,13
12,12,22,1,13.3032637,5.087432,17,5
3,14,28,5,17.88321567,5.229024,1,18
10,46,57,2,94.57929564,7.754495999999999,0,13
3,14,26,5,13.01679924,5.9208620000000005,-1,-1
9,3,28,8,14.35655208,5.73791,-1,0
2,17,28,5,10.4818456,5.144529,4,19
2,18,19,5,8.410437525,4.813007,5,12
3,4,22,5,17.53947564,5.149719,-1,-1
3,5,26,5,19.22850007,5.727201999999999,-1,-1
4,2,25,0,12.13843388,5.081318,16,7
9,25,25,8,14.61017559,5.359711,12,8
9,2,23,8,60.07767992,7.367867999999999,12,15
2,4,26,5,13.61622583,4.8571800000000005,8,10
2,40,41,3,37.84924962,6.310414,9,13
3,1,12,5,11.84529566,4.941287,-1,-1
12,13,17,1,11.67930949,5.253823000000001,3,15
4,11,11,0,18.98674291,5.7017370000000005,-1,-1
9,4,5,8,16.63243523,5.896826,5,19
2,11,23,5,28.63430988,5.989022,0,14
3,11,28,5,24.43872338,6.406630000000001,15,2
3,10,15,5,66.94803102,8.456791,-1,-1
9,12,22,8,27.460215100000003,6.23588,0,12
3,10,29,5,29.03599284,6.805874,-1,-1
1,1,5,5,15.12145776,5.368983999999999,-1,-1
12,1,10,1,36.37378778,7.006216,19,6
9,2,16,8,31.50298953,9.991093,12,7
4,1,5,0,62.95679376,7.334763,8,12
2,18,22,5,16.0111468,5.605137,8,15
2,10,13,5,39.52493631,6.466516,-1,-1
2,16,25,5,15.45144551,5.362326,3,18
9,2,19,8,31.1751302,9.77594,8,9
1,16,16,5,10.45281877,4.828254,3,16
12,1,10,1,28.56901414,6.458264,2,12
2,13,21,5,18.08058939,5.761645,19,6
3,3,24,5,9.105513565,6.203481,19,15
12,4,4,1,18.08616907,5.491787,-1,-1
9,5,2,8,39.31116938,9.11156,-1,-1
2,14,25,5,40.104404,7.978903999999998,2,13
3,3,5,5,15.22715525,6.368813,-1,-1
3,3,10,5,9.405801694,5.6612290000000005,-1,-1
9,1,13,8,56.56607095,8.692424,2,15
1,9,15,5,26.66706743,6.2959,-1,0
3,11,18,5,13.16086478,4.952271,13,7
10,43,54,2,28.42922959,5.249536,7,-1
2,16,18,5,34.87839916,7.491802,1,18
2,13,17,5,19.47017903,5.691387000000001,18,7
2,18,22,5,14.93700781,5.274883999999999,0,5
3,10,25,5,17.07708498,5.928462000000001,-1,9
3,18,22,5,12.80417067,5.385669,8,-1
9,18,19,8,48.39577964,7.055573,-1,6
2,13,15,5,14.98514231,5.246582,-1,-1
3,17,18,5,12.42061826,5.146109,1,13
3,15,19,4,17.19058848,5.462437,3,0
3,8,16,5,15.98543971,6.312725,3,4
4,6,25,0,16.02755364,4.985193,9,0
3,4,26,5,11.4526447,5.045304,12,7
12,22,22,1,11.90805013,5.668327,-1,-1
1,4,14,5,10.96034384,5.321057,13,1
4,1,9,0,56.57198742,7.490496,16,-1
3,14,24,5,35.32387192,6.64099,-1,-1
4,1,11,0,82.12782092,9.455106,16,17
2,2,9,5,8.993578458,4.746018,-1,-1
2,4,23,5,11.4073453,5.537732,16,3
12,9,22,1,52.967047,8.552203999999998,5,13
3,1,27,5,32.43282163,7.462665999999999,13,2
3,10,29,5,63.26679622,8.072627,16,19
2,11,14,5,40.66651796,6.572966,4,15
3,7,14,5,10.24609613,5.0343230000000005,12,1
4,1,5,0,37.12731037,6.417874,-1,-1
2,18,22,5,12.95257134,4.836022,-1,-1
10,49,51,2,18.37112129,6.876428,1,19
10,49,57,2,63.72683738,7.982953,12,4
2,4,13,5,26.41305848,6.775322999999999,6,17
9,5,2,8,13.77551227,9.239657,16,10
2,4,4,5,18.37904146,5.672262,5,10
9,1,13,8,22.70499827,5.780164,2,1
2,18,23,5,6.237381965,5.477496,-1,10
4,4,4,0,128.3038381,8.323843,12,0
9,11,16,8,79.44243811,7.447592999999999,-1,-1
2,1,10,5,39.62205007,6.891447,-1,-1
3,7,18,5,9.353436882,5.024006,14,15
2,4,11,5,9.982571627,5.383082,-1,-1
2,4,27,5,12.02728982,5.411207,-1,-1
3,13,23,5,13.42918523,5.70713,1,10
2,4,22,5,34.24445731,6.866729,13,5
3,12,29,5,13.34356155,5.452585,16,6
3,5,8,5,17.78927078,5.464019,-1,-1
12,1,10,1,12.89414062,5.3611580000000005,-1,5
9,1,22,8,39.42554867,7.0137100000000006,8,10
9,18,20,8,35.28131810000001,6.556034,-1,-1
2,16,29,5,10.36130171,4.8422160000000005,8,5
3,12,12,5,93.91535011,8.976153,-1,-1
3,13,15,5,69.81273538,8.364813999999999,17,2
3,4,8,5,12.74563376,5.345887,-1,-1
2,14,24,5,28.70939502,6.060526,5,0
3,7,16,5,10.8228143,5.444365,3,16
9,11,13,8,16.26108235,5.911372,16,19
3,12,23,5,34.66647289,7.045599,12,19
3,5,28,5,33.75377682,6.933938,-1,-1
3,4,13,5,11.26205432,5.372558000000001,-1,-1
2,4,9,5,37.34411996,7.863874000000002,-1,-1
4,4,15,0,72.89315553999998,8.773211,-1,-1
3,4,29,5,13.39870011,5.150144999999999,5,-1
2,13,17,5,17.74419612,5.510686,-1,-1
4,7,25,0,21.27896505,5.771793,3,12
9,11,17,8,18.34232425,5.783162,3,13
9,5,16,8,26.60454166,8.736028,5,18
3,14,27,5,16.00014627,5.787796,-1,-1
9,4,24,8,20.16367644,7.269208,-1,1
3,2,15,5,8.779364898999999,6.006427,1,6
12,2,18,1,11.5198812,5.26537,5,6
3,4,4,5,93.62692262,9.128311,8,7
2,22,25,5,15.6628668,5.81803,-1,-1
3,10,18,5,41.80513169,7.050778,-1,-1
9,10,28,8,34.64368635,6.5620460000000005,-1,-1
3,10,23,5,36.74820837,6.903366,16,12
9,4,12,8,20.11765969,5.8868480000000005,-1,-1
3,10,15,5,41.10749129,8.232805,-1,-1
9,17,22,8,35.240230100000005,6.709481,5,8
1,9,15,5,23.35914928,5.683874,-1,-1
3,2,16,5,12.65400187,5.60356,14,-1
4,3,7,0,24.52408087,7.211617999999999,3,-1
2,10,26,5,18.70499096,5.767377,0,-1
9,17,23,8,12.34605359,5.071004,-1,-1
3,1,18,5,32.92155381,7.365941999999999,6,18
2,18,23,5,8.947137692,4.80544,-1,-1
3,24,26,5,10.68249154,5.235863,-1,-1
3,9,9,4,19.35945195,6.231281,-1,-1
3,2,25,5,9.096776345,5.362549,19,-1
4,12,15,0,18.75322418,9.38317,13,1
2,14,20,5,23.09588438,6.364946,9,2
4,1,14,0,71.10095135,7.263717,5,15
4,1,9,0,86.490165,7.690898,-1,-1
3,14,27,5,10.85504328,5.372849,7,0
2,16,19,5,20.77058462,6.010279,15,4
2,4,13,5,19.17086527,5.363601,-1,6
2,4,12,5,15.72325421,5.236675,-1,-1
2,4,10,5,40.82528489,7.204699000000001,-1,-1
4,11,15,0,69.38344342,7.355203999999999,-1,9
10,56,56,2,14.12656475,5.8034930000000005,-1,-1
4,14,22,0,44.46359484,7.881083999999999,-1,16
9,13,25,8,15.54828076,10.517676,19,1
4,7,7,0,36.79978469,6.85762,14,0
2,16,23,5,19.77442275,5.512866000000001,-1,5
9,11,13,8,45.95117934,7.322832000000002,10,2
12,9,12,1,20.82960975,5.679384,5,15
10,43,54,2,17.7529553,6.259151,6,2
3,14,26,5,20.48678147,5.773726,3,9
4,5,24,0,30.82256327,7.579503999999998,10,17
2,13,27,5,13.78811043,5.0163150000000005,-1,-1
12,4,11,1,15.47077013,5.186828,6,15
2,10,25,5,21.42388644,5.8867650000000005,-1,16
3,10,24,5,16.71680542,7.387523,-1,-1
3,4,11,5,34.52360594,6.508758,9,15
4,4,5,0,46.8686824,7.087443,17,10
2,24,25,5,29.65995034,8.171177,9,15
2,16,28,5,19.62013601,5.638662999999999,19,3
3,18,18,5,9.145921934,5.12471,-1,-1
2,9,19,5,38.33684018,7.990672999999998,-1,-1
3,1,3,5,15.2584265,5.587823,10,0
9,2,17,8,55.30330738,8.261766999999999,0,8
3,4,10,5,29.04218488,6.203376,4,15
2,14,16,5,70.02247356,7.338298,7,13
2,4,10,5,30.98706977,6.103112,-1,-1
3,10,27,5,18.60114988,5.708494,-1,-1
4,4,5,0,63.23685466,8.535609,15,5
3,12,18,5,14.32158082,5.28532,-1,-1
2,13,13,5,12.025693,5.343994,-1,-1
2,13,13,5,26.27340795,6.270192,8,9
3,18,18,5,17.37076944,5.028302,9,0
9,18,27,8,26.14088053,6.538443,5,2
2,16,25,5,20.66057834,6.172118,10,12
9,16,19,8,57.73112584,7.902037,-1,-1
2,16,22,5,35.69670694,7.134663000000001,18,9
2,15,22,4,12.80179051,5.284123,7,8
4,4,4,0,69.55563724,9.205128,-1,-1
3,11,28,5,10.00759006,4.628399,16,8
2,18,22,5,17.35060817,5.918788,5,3
3,6,10,5,14.37964832,5.665593,5,3
3,4,18,5,20.976511,5.960334,13,5
2,1,6,5,10.90656381,5.530532,8,5
12,22,22,1,30.03363119,7.201503,13,3
3,16,17,5,15.27987106,5.351931,13,5
3,4,19,5,58.61357220000001,6.547949,7,0
3,5,12,5,20.52099975,5.57929,-1,-1
9,13,25,8,46.49361526,6.172655000000001,17,4
9,3,18,8,30.38886619,6.39706,12,7
2,13,14,5,41.25326589,7.374064999999999,18,19
2,1,29,5,20.44591858,4.898702,15,4
2,1,28,5,13.34255416,6.1023760000000005,6,0
2,13,25,5,31.46532518,6.996267,19,5
2,16,19,5,11.02288858,5.0378680000000005,-1,-1
3,24,28,5,19.94855866,5.978483,10,14
9,17,23,8,79.23802498,6.382206,12,18
3,16,22,5,18.93367425,5.943672,0,16
2,4,23,5,12.1081102,5.565358,9,-1
2,6,9,5,15.03859396,5.172917,-1,-1
4,17,17,0,44.39988929,5.58534,-1,-1
3,14,25,5,13.44327911,5.391403,-1,-1
9,16,20,8,30.46572658,6.292091,18,5
9,1,17,8,30.37066326,5.696978,19,17
3,16,27,5,11.42251843,5.114023,14,-1
9,2,13,8,14.86154934,5.875352,15,3
3,17,25,5,22.88230541,5.355096,12,3
9,16,16,8,83.8245606,8.304893,-1,-1
2,1,27,5,13.11491325,5.907691000000001,-1,-1
4,28,28,0,10.11692237,4.7056,-1,-1
3,12,19,5,26.93204993,6.607375,14,19
3,4,11,5,21.84274214,6.301538,10,1
4,3,7,0,10.92741039,5.709566000000001,-1,-1
12,1,11,1,21.31474618,5.718242,17,3
2,4,22,5,16.89752196,5.6405970000000005,-1,-1
3,6,10,5,7.722723254,4.78303,-1,-1
2,4,27,5,11.56602744,5.953375,7,5
1,9,24,5,21.71363767,6.185894,15,0
3,4,4,5,24.46772626,5.826245,-1,-1
9,4,11,8,23.77656149,5.946279,-1,-1
3,14,22,5,119.1939755,9.264966,10,5
3,10,23,5,13.28401721,5.053166,-1,15
2,4,19,5,28.74879606,5.534006,12,5
2,2,15,5,11.16635436,5.407115,-1,-1
12,1,10,1,15.2415371,5.545349,-1,-1
3,4,22,5,79.62071639,9.541059,10,5
9,6,18,8,30.79103708,6.349641,-1,-1
3,4,13,5,13.97611033,5.614764,13,9
2,17,24,5,9.874538687,5.526876000000001,-1,7
1,10,10,5,39.45691617,6.480365,2,0
3,22,28,5,17.71781251,4.970328,4,-1
4,11,14,0,55.49518927,7.198447,5,10
2,4,29,5,7.282439648999999,4.446772,15,1
3,10,29,5,76.28660719,7.887272999999999,7,5
2,4,4,5,13.47395313,5.775052,-1,-1
3,24,25,5,53.04908132,7.621071,2,8
3,5,27,5,12.31135125,4.710915,-1,0
2,4,6,5,20.7434311,5.565081,3,10
4,7,7,0,19.96422958,5.725473,-1,-1
3,1,9,5,17.16192468,6.321801,15,12
2,17,17,5,17.88740606,5.504599,10,17
2,18,23,5,10.73814179,5.464755,-1,-1
2,9,13,5,47.24682939,6.055849,0,3
2,8,10,5,7.135081149,5.320691,-1,-1
4,17,25,0,29.94789453,5.79811,-1,4
3,24,24,5,22.79130321,6.868448,-1,-1
2,1,9,5,25.91945578,7.042062,-1,-1
10,44,47,2,27.37075173,6.6123270000000005,12,4
12,17,26,1,8.644794914,4.699252,-1,-1
2,4,17,5,14.50839107,5.5785540000000005,15,6
3,14,17,5,25.84148004,5.947051,10,19
2,12,15,5,80.10087977,7.372221,13,12
3,12,14,5,61.05328839,8.037319999999998,19,13
3,16,17,5,12.19099023,4.766908,-1,-1
10,46,56,2,68.14449484,8.193581,5,2
2,14,18,5,24.43139937,5.778214,-1,0
3,14,21,5,11.29220713,4.843,-1,-1
3,11,17,5,15.66619938,5.442135,-1,2
9,4,16,8,83.02984575,9.511157,13,2
10,47,56,2,25.21765822,6.636599,0,7
4,3,3,0,13.41985201,4.979348,4,1
2,4,5,5,19.39808462,7.628485999999999,1,4
2,12,15,5,46.28813215,7.646609,10,14
9,7,23,8,15.71118998,5.777508,4,0
3,17,28,5,13.11198554,4.904454,7,0
9,2,23,8,38.8702488,6.011844,9,8
3,1,1,5,36.41117696,6.7907470000000005,-1,-1
3,14,16,5,39.13400524,6.585953,16,8
3,17,19,5,9.571257026,4.978318,0,1
2,32,58,7,8.038981845,5.363249,-1,-1
2,1,18,5,30.95533739,6.905235,0,3
3,10,13,5,14.29801588,5.302396,-1,-1
3,18,22,5,8.822726435,5.020417,-1,8
4,3,7,0,10.53882529,4.989363,15,-1
10,49,55,2,36.60699174,5.692763,2,10
2,10,27,5,18.00518006,5.272976,4,10
2,13,16,5,11.20561458,4.852976,14,16
3,5,28,4,14.06770072,5.866105,-1,-1
2,22,29,5,32.87098387,6.151029,3,10
4,1,15,0,41.50622132,6.667875,6,17
2,5,27,5,26.57193556,6.268604,12,7
4,2,17,0,16.09570989,6.128533,8,5
2,1,16,5,15.84932617,5.28221,-1,0
3,13,16,5,14.21472073,5.435091000000001,9,18
12,4,11,1,14.27856222,5.293389,-1,-1
3,13,16,5,11.09225583,5.096773000000001,-1,7
2,16,17,5,18.07223702,5.2349,16,2
3,18,24,5,8.125379383,4.912036,-1,-1
10,46,53,2,28.53695329,6.208075,15,6
2,10,23,5,24.06994427,6.099361,12,17
10,51,53,2,21.07994833,5.881469999999999,-1,-1
9,5,13,8,122.5935989,8.809431,14,5
3,4,8,5,11.27749966,4.684026,5,-1
3,1,23,5,17.31164456,5.958298,14,7
10,48,54,2,28.76592799,5.847052,19,12
2,17,25,5,13.77975471,4.986594,3,5
3,2,22,5,20.12172288,5.982103,19,8
12,4,9,1,22.23035065,5.7123800000000005,-1,-1
9,6,18,8,26.37508988,5.717012,1,8
9,1,18,8,56.17722535,7.079708,-1,-1
3,10,25,5,24.98256721,6.611377,8,5
3,1,17,5,14.93453582,5.119138,-1,-1
2,5,22,5,28.2731847,6.691198,-1,-1
4,3,27,0,11.08441738,4.932532,-1,-1
10,49,54,2,28.0159867,5.909835,12,13
2,4,8,5,15.97357746,4.972233,9,10
2,18,27,5,8.332817377000001,4.808783999999999,-1,-1
3,10,22,5,43.77925449,7.3145419999999985,15,4
3,4,5,5,14.2308068,5.154787000000001,-1,-1
10,48,54,2,21.80033627,5.767205000000001,-1,-1
3,11,11,5,20.74837661,5.931981,1,18
9,11,2,8,15.42929696,5.178323000000001,-1,-1
12,1,24,1,23.22821831,5.505204,4,7
3,13,18,5,13.49212337,5.194255,-1,-1
9,4,4,8,32.27706916,6.51543,17,10
2,1,5,5,17.15941052,5.188468,-1,-1
3,11,13,5,15.09296437,5.150593,4,15
3,17,25,5,16.85861479,5.018553,14,10
3,14,17,5,47.0591102,6.964045,7,2
3,40,40,3,26.0565992,5.607942,15,13
2,13,24,5,14.26360472,5.0563910000000005,13,12
3,14,16,5,29.72669823,7.063289,8,15
2,14,25,5,13.00232592,5.735281,-1,13
3,23,25,5,10.68394004,5.281167,19,16
3,4,10,5,23.85502257,7.0977630000000005,17,5
12,1,11,1,14.74494819,5.409008999999999,-1,-1
2,13,24,5,10.65474682,5.203496,5,8
3,1,26,5,9.717410946,4.968811,7,16
2,11,14,5,25.04667595,5.699266000000001,0,4
3,4,23,5,23.72194153,6.3581330000000005,-1,-1
2,5,15,4,16.33092724,5.302203,14,12
3,10,18,5,58.83090372,7.785777999999999,-1,-1
2,4,16,5,28.9192048,6.244125,16,10
1,5,27,5,18.40811307,5.26442,-1,-1
1,16,26,5,5.435845303,4.857544,-1,-1
9,7,13,8,16.33229158,5.596856,3,4
1,2,19,5,15.02329522,5.529266000000001,3,0
4,17,25,0,17.68735121,6.058773,5,13
2,9,19,5,74.90998763,7.885195999999999,15,17
4,13,21,0,14.40249702,5.052929,-1,12
3,4,10,5,64.62863369,8.774242999999998,5,0
2,9,24,5,40.62366995,7.4819429999999985,-1,-1
3,10,29,5,33.23571445,7.134356,-1,-1
1,14,17,5,11.18084042,4.979902,7,1
3,5,24,5,17.22329094,7.874896,14,6
9,28,29,8,20.7840591,6.0003470000000005,19,17
1,15,22,5,16.36840188,5.247838,-1,-1
12,9,12,1,28.04321851,6.432956,-1,12
9,2,19,8,118.9948534,9.814621,12,2
3,4,12,5,47.28533224,7.457300999999998,5,0
9,18,22,8,111.0062367,8.404403999999998,2,4
9,13,13,8,26.83790568,6.641539,-1,-1
12,1,10,1,14.13397634,5.244974,-1,-1
3,5,13,5,16.761083499999998,5.257147,-1,-1
2,14,26,5,11.30590108,5.158996,-1,-1
12,9,24,1,36.63823608,7.695505,-1,1
2,14,22,5,18.55795345,6.60162,-1,-1
2,9,17,5,19.65787236,5.245706,17,13
3,14,16,5,39.17993806,6.963966,-1,-1
3,4,22,5,14.98398986,5.829863,-1,-1
9,18,27,8,30.68553785,5.727915,-1,-1
4,2,25,0,15.63452625,5.281088,8,-1
9,11,16,8,129.6613256,7.893692999999999,17,14
3,1,4,5,41.74696737,7.232500999999998,4,7
3,38,38,3,31.16896227,6.941367,15,3
10,42,56,2,22.55398592,6.859167,0,14
9,27,28,8,20.59425361,4.754898000000001,-1,-1
3,11,16,5,38.62660622,7.022459,-1,-1
2,3,5,5,13.861577,5.121491000000001,10,3
3,11,14,5,19.30484933,5.84175,-1,-1
3,22,29,5,16.96930205,5.702776,0,1
12,9,12,1,39.45683904,6.715183000000001,5,-1
4,11,14,0,53.58902951,6.996949000000001,15,1
2,6,14,5,9.114296633,4.920458,4,8
2,14,17,5,16.70641135,6.007627,-1,-1
2,9,21,5,69.79408568,7.428822999999999,4,9
9,16,27,8,37.91287509,5.892732,6,17
9,1,2,8,25.40294577,6.136936,15,7
3,4,22,5,20.20999441,6.00645,15,4
2,4,29,5,11.72637146,4.744706,8,18
3,4,28,5,21.46329143,6.104658000000001,3,18
2,4,8,5,13.3094922,5.760651,6,15
1,15,17,5,19.86448658,5.728475,-1,-1
3,12,14,5,16.27481039,5.564252,12,4
2,21,25,5,8.502657819999998,4.913231,3,12
3,4,22,4,21.19263197,5.701559,19,4
3,8,9,5,22.94481419,6.734639,3,1
2,18,21,5,7.707333457,4.915736,5,3
2,16,29,5,12.41107441,5.228326999999999,14,4
4,1,4,0,81.39125402,8.133511999999998,4,0
2,1,17,5,46.49195705,7.752783,5,2
2,10,23,5,14.80027827,5.406903,-1,-1
2,13,16,5,10.85330654,4.879674,-1,-1
2,5,29,5,44.62786181,7.114274000000001,5,10
2,8,13,5,9.728583944,5.634185,1,19
3,1,23,5,18.99531261,5.747278,1,6
2,9,13,5,18.75434097,5.697474,8,6
4,3,3,0,6.145339905,5.485601,-1,15
3,12,14,5,18.50941321,5.48115,9,13
3,25,27,5,9.986022859,6.322780000000001,-1,3
4,27,27,0,22.22531958,5.521747,2,4
3,18,28,5,12.42381955,5.899848,10,9
1,10,12,5,17.6664764,5.716512000000001,14,5
2,11,25,5,23.1267209,6.941459,3,10
1,4,25,5,12.57304821,5.586003,3,4
3,10,14,5,75.17291837,8.950146,9,6
2,1,24,5,26.75637695,5.798344,16,5
12,9,13,1,28.10608322,5.731607,18,17
2,41,41,3,30.98004049,6.480382,-1,-1
2,10,29,5,66.91624084,7.0486070000000005,-1,-1
3,4,12,5,26.86301533,6.209096,10,5
3,4,10,5,27.21100564,7.021742,13,12
2,12,12,5,62.76314716,9.650759,-1,-1
9,4,11,8,42.02665293,7.814028999999999,3,0
9,12,2,8,25.13005451,7.519124,-1,5
3,1,14,5,45.14620499,6.893336,15,0
2,4,6,5,10.21599022,5.441453,9,4
3,12,23,5,58.23811145,7.747430999999998,16,2
2,12,16,5,26.95100901,5.333514,-1,-1
2,3,15,5,13.15633638,5.399374,6,1
3,1,7,5,10.252359,4.548688,-1,8
3,11,29,5,11.77463276,4.922058,9,13
2,2,23,5,8.887870794999998,5.735545,14,2
3,4,22,5,59.24067417,7.966303999999998,13,0
2,8,10,5,33.20004209,5.765484,2,-1
4,4,22,0,51.72184774,7.683994999999999,-1,-1
12,10,24,1,74.39267148,8.857609,7,1
3,4,11,5,17.37180412,5.97471,-1,-1
2,11,26,5,9.817382408,5.0728480000000005,4,6
2,5,29,5,30.37527668,5.885531,-1,-1
2,17,22,5,14.24581445,5.21105,0,3
2,4,12,5,14.066881099999998,5.68637,16,1
3,2,12,5,13.47210848,5.387714,19,14
12,11,12,1,14.27477215,4.881089,5,7
4,11,14,0,30.61165159,6.181122,-1,-1
2,6,22,5,16.02809184,5.983773,13,2
2,4,4,5,37.16366859,6.448812,5,10
10,43,43,2,28.04703747,7.211696,4,15
3,1,25,5,14.69328123,5.473022,9,8
3,40,40,3,48.12807749,7.147517999999999,-1,-1
9,16,17,8,55.17670259,7.600283,4,5
3,18,26,5,9.546881717,4.565526,6,0
3,38,38,3,27.13717433,5.990459,-1,-1
10,47,53,2,15.992289499999998,5.774384,18,4
1,12,18,5,9.360118766,4.97609,2,19
2,4,13,5,16.33439504,5.145352,5,0
12,8,17,1,14.27896746,5.14849,1,3
10,53,55,2,15.40621676,6.364772,7,6
12,17,26,1,9.543357309,4.874038,0,8
2,4,14,5,26.88028245,6.903171,-1,-1
2,9,21,5,25.54597358,6.404486,-1,-1
2,1,27,5,19.06338493,5.681802,-1,-1
3,40,41,3,38.63498842,6.766879,18,13
2,4,18,5,13.16171809,5.378255,-1,-1
2,18,21,5,13.11086575,5.418527,1,13
2,5,29,5,25.55770708,6.241806,-1,-1
3,22,29,5,8.568486965,4.598736,6,8
2,13,28,5,17.88120345,5.652417,17,2
9,16,24,8,113.8663402,8.467046,8,12
4,3,3,0,9.37443003,5.285888,15,8
2,4,26,5,14.63410163,5.564802,16,3
3,1,16,5,35.25815842,6.114217,0,13
3,13,18,5,13.07021844,4.957238,-1,-1
2,14,19,5,20.43262394,6.080358,5,17
3,10,15,5,112.14069270000002,9.840814,-1,-1
9,11,17,8,18.79695612,6.11895,8,0
2,22,28,5,12.84929879,4.901361,-1,5
1,9,15,5,18.28710841,5.606287,-1,17
2,24,28,5,41.73712865,5.911757,6,17
2,17,26,5,17.59521066,5.446909,2,3
3,11,14,5,18.51046878,5.663206,2,-1
3,2,20,5,4.083236713,3.707223,-1,-1
2,11,20,5,4.525379028,3.426335,-1,-1
2,2,23,4,3.954195107,2.930166,4,16
9,11,20,8,5.964176531000001,4.007102,0,-1
3,7,19,5,4.3253104030000005,2.85185,-1,-1
2,2,22,4,3.861893988,3.781971,0,1
2,26,27,5,3.837601011,2.844109,10,15
1,21,26,5,2.97293559,2.542401,-1,-1
1,12,12,5,3.872087482,2.937014,-1,-1
1,13,13,5,4.077392473,3.3023620000000005,-1,-1
2,1,24,4,6.349932811,3.942068,7,-1
2,9,27,4,6.517541863,4.047611,12,10
1,1,11,5,5.213905176,3.563246,7,16
3,2,19,4,3.206362832,2.791925,-1,-1
9,6,7,8,6.2480231470000005,4.198487999999999,17,7
3,1,11,4,3.898132107,3.050272,3,5
2,6,14,4,3.578763696,2.659303,17,0
9,7,20,8,8.234338925999998,4.717066,2,18
2,3,21,5,4.280990506,3.511833,13,5
3,20,24,5,5.138315904,3.34735,10,6
3,4,5,4,4.49482654,3.529739,-1,-1
2,21,22,5,4.760854312,3.364678,-1,-1
1,19,23,5,5.661157241000001,3.4779720000000003,-1,-1
3,7,25,5,4.427194259,3.173765,0,-1
2,4,14,4,5.903800489,3.671969,18,16
3,2,22,5,6.57226057,4.236594,15,5
10,42,56,2,12.69196906,4.995051,7,15
3,5,25,4,4.717065569,3.188263,-1,-1
3,4,6,4,4.750278796,4.343849,-1,1
10,49,50,2,13.12830682,5.437048,15,-1
3,1,24,4,4.400699754,3.959529,7,17
2,6,26,5,4.836205931,3.327703,12,16
2,27,27,5,4.634944785,3.120693,1,13
2,8,21,5,4.032816028,3.1106580000000004,-1,-1
2,4,23,4,3.384521986,2.946948,-1,-1
2,7,11,4,3.408143469,2.612821,1,6
2,4,9,4,6.724824333,3.814699,12,17
1,11,17,5,3.810898267,3.121131,-1,-1
3,21,29,5,5.159132187,3.545906,18,8
3,4,9,4,5.884739506,3.838458,-1,-1
2,1,14,4,6.164172752000001,3.922652,4,13
1,11,11,5,4.711934354,3.179956,-1,-1
2,5,14,4,4.80838678,4.061513,7,4
3,2,25,4,3.238666638,2.672467,18,7
1,6,27,5,3.107096696,2.621772,4,0
3,22,22,4,4.427668584,3.852531,1,12
3,2,24,4,6.5337977920000005,3.454131,7,0
3,4,4,4,4.375787322,3.503276,15,-1
1,21,21,5,3.840997981,2.868929,4,7
3,2,26,5,5.247963683,3.240407,18,15
3,7,12,5,5.033660313,3.595788,16,13
2,19,26,5,4.072694438,3.185437,-1,-1
3,20,25,4,2.496382835,1.964945,16,6
2,27,28,4,2.9211568160000003,2.727357,18,0
3,3,22,5,7.868109398999999,3.86759,19,17
3,7,15,4,3.81427266,3.2872480000000004,18,4
2,1,24,4,5.214970374,3.925889,15,6
1,4,24,5,6.6535036970000005,4.128982,17,18
3,14,20,4,4.922716357,3.822105,-1,-1
1,22,27,5,6.299605313,3.554193,-1,-1
2,1,4,4,4.035957241,3.153986,14,5
3,21,24,5,5.94556483,4.174643,17,4
1,11,22,5,5.299802519,3.235539,5,19
9,12,21,8,5.156930742,3.714605,-1,-1
2,20,22,4,4.713190021,2.961862,12,19
1,1,11,5,3.825078741,3.5184910000000005,-1,-1
9,13,24,8,13.62927052,9.334966,17,6
3,20,23,5,3.969967982,2.822195,-1,-1
9,12,24,8,26.68898012,6.543767,-1,-1
2,9,27,4,7.861094104,4.210911,12,0
2,27,27,5,6.626919036,3.943193,10,0
1,7,9,5,6.058644686,3.6417,5,0
3,17,24,4,4.216137831,3.066043,-1,-1
2,5,7,4,3.701319678,3.021824,-1,-1
1,2,6,5,3.910175633,3.226157,-1,-1
3,17,19,4,3.313201767,2.833418,-1,-1
1,11,22,5,6.079289579,4.220851000000001,2,17
10,45,50,2,12.2566662,5.338205,5,1
2,1,6,4,5.167839601,3.565642,-1,-1
2,2,20,5,4.190257045,3.067122,-1,13
3,17,20,4,4.893656339,2.981609,13,15
1,3,4,5,3.929340179,3.128805,-1,-1
3,1,4,4,3.89217842,3.217881,16,8
3,4,17,4,6.4019056260000005,3.571733,7,2
9,20,27,8,6.107525861,3.736356,8,1
3,7,24,4,5.047235314,3.121115,0,8
3,3,3,5,4.542067295,3.863992,13,0
1,6,22,5,5.259970149,3.886882,0,5
3,8,20,5,3.403976907,2.680523,-1,-1
3,7,17,4,3.961928103,2.6839150000000003,7,13
3,11,20,5,7.788457665,4.629724,18,3
3,3,4,4,3.1614231010000005,3.5905910000000003,13,5
2,5,22,4,5.797676859,4.184439,-1,-1
1,12,13,5,4.295445845,3.137319,-1,-1
3,24,27,5,7.308587017,3.917181,13,16
3,6,28,5,3.706547941,3.195317,5,12
3,20,22,5,5.170204748,2.996996,-1,-1
2,7,19,5,4.386478258,3.149086,-1,-1
1,20,28,5,4.074174412,3.504872,-1,-1
2,4,6,4,4.7832708,3.489288,9,16
3,8,19,5,4.848826151,3.694731,-1,-1
2,11,25,5,4.986431431000001,3.651502,-1,-1
3,34,35,6,4.989417276,3.384296,5,16
3,3,19,4,3.182369004,2.790101,-1,-1
2,6,19,5,5.391745047000001,3.136119,-1,-1
10,44,48,2,9.734665232,5.087843,-1,15
2,21,25,5,4.014709114,2.7903,-1,-1
2,4,20,4,3.722671569,3.012306,9,1
3,11,27,4,5.977249665,3.463284,19,6
12,20,25,1,4.138696318,3.276128,-1,16
3,4,24,4,6.387895542000001,4.22424,13,12
2,24,25,4,4.596267616,3.3260400000000003,6,13
2,3,13,5,4.427264102,3.577809,15,16
1,12,26,5,4.767262887,3.219369,16,8
2,7,27,4,3.18278179,2.5834200000000003,0,10
1,19,28,5,4.115870574,3.434918,-1,-1
3,6,7,4,3.338378337,2.474303,13,9
2,27,28,5,3.244355952,2.774709,-1,-1
3,20,25,4,3.094390004,2.161841,7,4
2,28,28,5,4.081342917,3.792228,13,17
3,6,24,5,5.145431235,3.451128,-1,-1
3,20,22,4,3.073353662,2.541904,5,4
1,13,26,5,4.090248357,3.149076,4,-1
1,7,24,5,6.518190653,3.973324,5,12
1,14,29,5,6.59224368,3.582069,12,15
3,14,23,4,5.002793381,4.259824,5,17
2,6,19,5,4.158159676,2.740053,-1,-1
3,8,21,5,4.249520757,3.457728,10,0
3,2,11,4,3.131549345,2.983632,-1,-1
1,8,10,5,4.289254284,3.2766040000000003,8,13
2,2,11,4,3.380207689,2.743423,-1,-1
1,5,27,5,5.764969487999999,3.698851,-1,-1
1,11,15,5,6.075226393,3.675816,2,1
2,4,4,4,5.315260746,3.585163,6,15
10,42,51,2,2.814255381,7.956653999999999,6,3
1,22,22,5,5.432779865,3.687233,-1,-1
2,7,22,5,4.076485422,3.100471,-1,-1
2,6,19,4,3.159566689,2.4348650000000003,-1,-1
3,20,24,5,3.803150741,2.934358,-1,-1
3,8,28,5,5.287152537,4.3267370000000005,17,10
3,8,11,5,6.304903501,3.34966,5,15
10,45,45,2,20.3967628,4.880267,-1,-1
2,20,24,5,5.275579179,4.156935,3,17
2,4,11,4,4.888992774,3.69493,-1,-1
1,1,7,5,4.260114099,3.710018,-1,-1
3,4,4,4,5.4267167,3.990039,5,-1
3,11,28,4,4.921703038,3.617022,6,10
3,11,19,4,2.908588937,3.218201,-1,-1
3,20,23,4,3.096584169,2.455845,-1,-1
3,6,23,5,3.863153612,2.903119,-1,15
4,20,25,0,7.067967047000001,3.767795,-1,-1
3,21,26,5,3.979445269,2.839848,-1,-1
2,6,24,5,5.207583105,3.594549,-1,-1
1,7,9,5,4.97473326,4.574330000000001,13,5
1,13,18,5,5.368467644,3.3354699999999995,0,5
2,19,23,5,4.841466853,3.296471,-1,-1
3,4,6,4,3.3652729960000003,3.4645550000000003,-1,-1
3,15,20,4,5.660600784,4.133597,-1,-1
3,4,15,4,6.7452842010000005,3.805315,15,2
1,26,26,5,3.807763201,3.2803160000000005,15,0
3,18,28,5,5.17449514,3.768397,17,15
2,22,27,4,3.796163861,2.75893,-1,-1
2,20,22,4,3.285332675,2.336531,-1,-1
3,27,27,5,3.5554854860000003,3.03663,8,15
2,23,27,5,6.322298158,4.082456,8,17
2,28,29,5,3.867208895,2.762956,5,15
3,12,20,5,3.990916046,3.073369,-1,-1
3,6,20,5,3.969313723,3.00023,4,16
1,10,13,5,5.624357963,3.661325,0,12
2,19,28,4,3.159682162,3.0379110000000003,-1,-1
3,2,11,4,4.059370491,3.0678490000000003,12,16
2,11,17,4,4.384971586,3.612079,0,15
3,14,27,4,6.174657659,3.511696,5,1
1,1,4,5,4.536716652,3.587501,-1,-1
3,2,23,4,4.754831911,3.3889370000000003,0,-1
3,3,27,5,4.861050641,2.984138,15,8
1,7,19,5,4.115905233,2.698888,-1,-1
3,8,8,5,5.536611467,3.784115,13,12
3,22,23,4,9.998317607,4.364153,1,9
2,11,24,4,4.819394298,3.631486,6,10
1,9,17,5,7.634024658999999,4.492541,4,18
3,7,28,5,5.153383858,3.285035,7,0
10,45,46,2,21.19239273,7.402133999999998,1,0
2,6,7,5,3.784807643,2.850184,-1,-1
1,13,26,5,4.705994388,3.622794,17,4
1,11,22,5,4.478771476,3.347726,15,7
3,11,27,4,3.507697542,3.315896,6,8
3,23,29,5,6.157170681,4.0616010000000005,4,18
3,23,27,5,4.611026143999999,3.740886,16,4
3,3,4,5,4.507073222,3.39811,-1,15
2,20,22,5,4.209430247,3.4225510000000003,5,6
1,10,26,5,5.088040354,3.275109,12,15
2,4,11,4,5.121970588,3.682002,17,0
3,1,19,4,4.347801036,3.57525,-1,-1
2,14,27,4,3.795852887,3.407697,15,5
2,2,22,4,3.99389925,2.950979,12,5
2,6,24,5,3.550464499,3.639471,-1,-1
3,1,22,4,3.822660438,3.294423,16,0
9,1,19,8,5.456949647999999,3.733547,-1,-1
1,10,26,5,4.928446114,3.591264,8,5
10,44,50,2,8.599380706,5.312357,5,15
3,6,6,5,5.754305975,3.569018,-1,-1
3,11,24,4,4.105846184,3.165628,-1,5
3,6,14,5,5.836624313,3.5838400000000004,-1,17
9,13,25,8,8.593860861999998,4.319507,-1,-1
1,8,18,5,6.635554019,3.861141,13,1
1,22,28,5,6.312292727000001,3.771662,4,17
2,1,25,4,4.026239835,3.071025,1,10
3,20,23,5,3.964416715,3.059852,12,10
2,2,8,5,6.868199195,4.091965,1,7
3,3,9,4,6.942097181,3.960829,15,3
3,8,18,5,6.122531204,3.819427,18,4
3,11,11,4,3.708684997,3.17551,-1,-1
3,5,22,4,5.0070579980000005,3.686911,16,4
3,7,15,4,4.470318622,3.464383,10,17
3,11,14,4,3.767401156,3.070202,16,3
2,11,15,4,6.510950995,3.426839,7,1
10,49,52,2,10.93009916,4.942239,15,13
2,8,24,5,3.4523483180000003,3.683893,15,-1
12,21,23,1,7.936365919,4.351135,13,17
2,3,27,5,4.625921365,4.278881,6,18
2,5,7,4,3.754908306,3.119191,-1,-1
2,33,58,9,4.036590672,3.109587,10,0
2,3,21,5,3.4623511660000004,3.153514,13,16
2,4,11,4,4.262749157,3.693732,17,5
2,11,22,4,5.250876642,3.626922,3,5
1,4,25,5,7.2764177929999985,4.007958,5,13
2,20,23,4,2.419873543,1.810924,4,-1
3,3,24,4,3.547324143,2.995976,15,0
2,23,29,5,5.111620069,3.69431,12,18
2,6,25,5,4.111308763,3.084977,-1,-1
2,6,22,4,3.721426867,3.241646,1,0
3,1,25,4,5.760575656,3.739365,2,16
10,45,49,2,25.33626704,5.783513,5,16
1,2,3,5,4.672551702,3.511228,5,1
3,7,8,5,3.961379799,3.467531,4,16
1,21,21,5,3.46231707,2.776101,1,3
3,26,27,5,4.470465081,4.198901,17,16
3,23,23,5,3.652028108,3.570922,-1,-1
1,1,23,5,4.669379843,3.240008,-1,-1
2,7,8,5,4.294945222,3.257318,-1,13
3,20,26,5,3.732773998,3.069729,0,13
1,22,24,5,4.889041792,3.865784,19,17
1,11,14,5,5.026567976,3.42089,16,18
3,26,27,5,6.223780832,3.196892,8,13
3,10,21,5,8.745566408,4.354636,-1,18
1,14,27,5,5.183268469,4.120565,17,15
2,17,25,4,5.08612409,3.57684,0,14
2,3,14,4,3.854152505,3.008225,10,9
3,11,15,4,4.207101723,3.409118,-1,-1
1,23,29,5,3.179183806,2.567276,-1,13
1,10,21,5,4.422324414,3.347861,14,13
2,28,28,5,3.62792548,2.934468,16,13
9,11,20,8,5.504177633,3.734566000000001,13,5
2,23,23,4,3.927762693,3.414297,10,8
2,4,20,4,4.070490271000001,3.112875,-1,-1
1,19,23,5,4.164058404,2.892957,13,7
1,8,18,5,3.572543864,3.2617580000000004,18,7
2,14,23,4,4.005933235,3.186901,-1,15
3,22,27,4,6.149417851,4.386896,17,2
2,15,24,4,15.49903122,5.516525,10,18
4,6,25,0,9.067537171,4.263365,18,10
3,11,25,4,5.599077585,3.242136,1,4
1,12,12,5,6.0642885810000005,4.462379,0,16
2,21,29,5,5.026817019,3.451231,4,18
2,6,25,5,3.876016093,2.997398,-1,-1
1,8,18,5,4.053731458,2.758881,-1,-1
1,8,26,5,3.718036752,3.009317,12,17
2,7,20,4,2.752271183,1.863848,-1,-1
2,21,25,5,4.309285455,2.876605,-1,-1
3,19,26,5,4.054108433,3.099526,-1,-1
3,20,28,4,3.887963897,2.752332,17,9
3,4,20,4,4.716262771,3.850195,0,4
1,9,19,5,4.751475043,3.378263,13,-1
2,28,28,5,4.323569803,3.155347,18,15
1,6,24,5,4.351819588,3.3614910000000005,6,3
1,24,25,5,3.960274577,3.562918,-1,-1
2,6,6,4,2.861964302,2.08197,-1,-1
3,20,23,4,2.9498062430000003,1.972133,-1,-1
2,1,7,4,5.224473962,3.855582,18,14
1,11,15,5,4.773092261,3.54896,16,13
2,3,5,4,4.742046049,3.084036,19,15
3,4,6,4,4.113544278,3.110542,-1,10
9,20,24,8,8.245253615999998,4.005058999999999,17,-1
2,1,20,4,3.72872363,3.241043,-1,-1
4,5,14,0,28.75402988,8.426658999999999,17,16
10,49,52,2,8.922317279999998,4.896391,-1,6
1,1,27,5,6.806260594,3.263163,-1,-1
3,20,23,5,3.822872479,3.3299220000000003,-1,-1
2,4,7,4,4.116706189,2.964709,5,1
2,7,27,5,4.623049364,4.06344,17,4
3,1,3,4,3.758862417,3.389188,14,5
3,12,25,5,12.09283199,5.690385,18,16
1,20,28,5,3.279770519,3.424956,13,8
3,2,22,4,5.237483327,2.9126380000000003,-1,-1
1,18,26,5,7.287418397,3.739487,17,5
9,11,24,8,9.234579865,4.716709,15,0
1,12,21,5,5.445202597000001,3.626192,12,1
1,4,23,5,6.039945511,3.768279,10,7
3,3,8,5,5.429434165,3.604357,5,19
9,1,20,8,5.64105919,3.849111,17,15
10,43,52,2,19.08417214,5.096264,5,15
3,24,26,5,7.190654483,4.061129,-1,-1
1,24,28,5,5.7788076120000005,4.072583,-1,-1
2,11,22,4,4.383059584,3.414769,12,2
1,2,11,5,3.647090255,3.158735,-1,-1
2,20,24,4,4.4385723960000005,3.14416,2,3
2,8,21,5,4.428085288,3.737889,18,5
12,21,23,1,5.578140686,4.101436,17,4
2,21,29,5,5.212403588,3.5412220000000003,1,18
2,17,20,4,3.69874995,2.970695,13,18
2,6,19,4,2.9662830060000003,2.736862,19,15
1,11,15,5,4.746330794,3.3523400000000003,-1,5
2,3,28,4,2.907464937,2.1730810000000003,5,15
3,23,24,4,3.186476273,2.845627,16,9
3,3,19,4,3.522105401,2.683712,15,14
1,3,25,5,3.23555681,2.897673,15,0
2,19,29,5,7.475968685,4.007416,-1,-1
3,8,25,5,5.164321012,3.427712,-1,18
1,13,13,5,5.029868038,3.961498,16,8
2,14,23,4,5.330278644,3.40967,7,4
10,50,52,2,14.14445724,5.1582360000000005,17,13
10,47,52,2,9.589733589,4.869354,15,4
1,5,28,5,6.4301736410000006,3.694575,18,4
2,11,12,5,5.547531528,3.830699,-1,-1
3,11,17,4,4.419745595,3.402432,10,14
3,2,7,5,3.647904338,3.351985,-1,-1
2,21,24,5,4.891950521,3.61336,16,5
3,2,11,4,3.369577907,2.997136,-1,16
1,1,28,5,6.179788555,3.854795,-1,-1
10,50,50,2,13.7907626,5.902958,-1,15
2,24,29,4,4.659782614,2.919708,-1,-1
1,1,17,5,5.265241069,3.756803,-1,-1
3,1,19,4,3.598120974,3.011532,-1,-1
2,22,24,4,3.49424885,2.986804,-1,15
3,4,11,4,5.165067363,3.673626,12,2
1,19,22,5,4.455444383,3.175825,8,1
2,3,14,4,3.11591874,2.4478880000000003,0,13
9,6,20,8,5.84797902,3.65395,-1,-1
3,19,25,4,3.88942366,3.606793,3,8
3,20,25,4,2.6131846480000003,1.908,15,-1
3,2,23,4,3.1170529780000003,2.896935,-1,-1
1,17,25,5,4.53985906,3.250085,-1,-1
1,11,15,5,4.813539725,3.660049,12,9
3,6,7,4,3.3339307610000004,2.52601,-1,-1
3,3,22,4,3.605341463,3.212888,15,0
2,1,3,4,4.212674766,3.502777,15,6
3,12,19,5,5.611151138,3.742685,-1,-1
1,6,23,5,3.168368985,2.284292,8,16
1,7,14,5,5.259603023,3.717603,18,1
4,23,23,0,9.893574071,4.591946,8,18
3,1,14,4,10.04873886,4.195334,17,7
2,6,24,5,6.945607682,4.339613,-1,-1
1,19,22,5,8.846874302,3.749164,5,3
3,8,15,5,9.478789443,5.300255,-1,-1
3,7,26,5,4.455380258,3.465857,17,-1
2,7,19,5,5.535908509,3.765862,-1,-1
2,24,24,4,8.563363263999998,4.591605,5,2
1,7,22,5,5.422570856,3.568979,16,10
4,6,23,0,8.20658682,4.589378,7,18
1,11,11,5,3.943520532,3.189812,-1,-1
12,20,23,1,4.393241593,3.756251,12,15
1,6,15,5,4.919217939,3.791762,17,10
3,34,35,6,5.116328328,4.007954,12,18
1,2,27,5,4.818318974,3.132998,-1,-1
3,4,22,4,5.659567547999999,3.654665,-1,-1
3,7,8,5,5.184609416,3.526435,0,-1
1,3,20,5,3.622798112,2.7391080000000003,-1,-1
2,5,25,4,3.789616861,3.009696,10,14
2,3,24,4,3.3346847630000003,3.231294,0,17
3,2,24,4,5.14604033,3.780632,5,1
3,35,35,6,4.409183328999999,3.249046,-1,18
2,11,22,4,3.146099784,2.727889,-1,-1
1,1,3,5,4.965222923,3.447635,17,0
9,13,20,8,5.758210728,4.285288,-1,-1
2,1,4,4,4.935911995,4.003265,14,8
2,5,17,4,5.387278494,3.678811,4,0
1,21,21,5,3.181211551,2.275493,-1,-1
1,9,20,5,4.067803506000001,3.270779,-1,-1
2,5,27,4,3.968057693,3.10235,16,7
2,34,35,6,3.611206454,3.0538830000000003,-1,-1
2,7,27,4,2.787450488,2.302257,0,16
3,9,19,4,13.38585621,5.316822,18,13
3,8,12,5,4.876108155,3.475556,15,17
3,4,20,4,4.457373107,2.87914,-1,-1
1,1,25,5,5.406440936,3.402886,8,7
1,2,24,5,5.041340569,4.0848260000000005,15,17
2,4,24,4,5.50585743,3.719124,-1,-1
1,23,23,5,5.122997986000001,3.007256,9,10
2,23,27,5,6.601607667000001,3.323653,17,4
2,6,11,5,4.440861594,3.128105,17,16
2,23,28,5,4.394458319,3.3317650000000003,-1,13
3,3,28,5,4.102101079,3.69329,17,0
3,6,7,5,2.89084007,2.935031,-1,-1
3,8,19,5,4.672452601,3.426956,-1,-1
2,6,11,5,5.580944025,3.675287,10,-1
1,14,20,5,5.723046616,3.628983,18,15
9,5,29,8,12.17952711,5.007156,-1,-1
2,20,23,4,2.28261165,1.772364,-1,-1
2,3,7,5,4.265903283,3.4158089999999994,-1,-1
3,2,3,5,3.97578144,3.07308,-1,-1
3,7,19,4,3.422026354,3.051264,7,9
10,42,51,2,9.223550243,5.209027,-1,-1
1,17,20,5,4.519597811000001,3.226147,-1,-1
3,2,14,5,12.83737542,4.740381,18,5
3,2,25,4,3.86501996,2.643662,0,19
3,8,22,5,4.178249637,3.36237,-1,-1
2,1,27,5,9.517206452000002,4.475847,-1,18
2,19,27,4,3.129974078,2.739993,-1,-1
2,25,28,5,6.81839978,3.793427,18,-1
3,8,27,5,7.58942405,3.953522,18,2
3,19,24,5,6.789111808,4.260749,-1,-1
3,14,23,4,4.04031541,3.661764,-1,-1
3,3,21,5,3.37283356,2.743447,-1,-1
2,8,24,5,7.693329552,4.080345,13,0
10,47,52,2,8.966693051,4.76101,-1,-1
3,11,23,4,3.642965252,3.078513,2,16
3,5,14,4,5.88823649,3.722243,-1,-1
3,4,24,4,4.482960498,3.832708,9,12
3,4,6,4,4.23995316,3.030232,-1,-1
2,23,26,5,6.382320739,3.791538,4,5
2,6,8,5,3.976770411,3.178357,12,15
2,11,27,5,6.327139203,4.277843,18,17
1,1,4,5,4.1033464660000005,3.635677,-1,-1
2,8,26,5,3.964031987,3.04438,13,16
3,6,12,5,7.551758474999998,4.465382,18,0
1,19,23,5,3.659465822,2.7539580000000004,12,10
2,7,24,5,8.078594458999998,4.766642,-1,-1
1,12,13,5,5.162913675,3.596276,17,19
1,3,7,5,6.20595848,3.219482,5,9
3,7,24,4,4.318576611,2.849856,0,12
3,2,24,4,3.422231366,3.392031,-1,-1
1,4,28,5,7.030743049,3.971401,-1,-1
2,20,23,5,4.553109222,3.25826,-1,-1
10,47,52,2,9.331260306,4.526568,-1,-1
3,17,23,4,3.524910418,2.89223,18,13
3,3,6,5,4.470115902,3.349965,-1,-1
3,5,17,4,3.750133069,3.135247,-1,-1
2,23,23,5,4.604690697,3.628697,17,12
2,6,19,4,4.940420219,3.121905,3,2
3,19,25,5,5.431626187999999,3.94373,5,2
2,1,25,4,6.321473322999999,4.1684470000000005,16,2
3,7,27,5,4.305905564,3.098039,-1,-1
9,20,27,8,4.245845314,3.611219,18,-1
1,4,25,5,5.328522174,4.0612900000000005,10,5
3,6,22,4,3.351401688,2.465996,15,8
1,6,15,5,4.570719161,3.288817,-1,-1
1,21,21,5,4.657395164,3.064675,1,9
9,20,27,8,5.761039293,3.752986,-1,10
3,4,5,4,5.815027322000001,3.581083,13,17
1,2,7,5,2.951159757,3.2504310000000003,-1,-1
3,31,32,9,3.32633224,3.200595,-1,-1
9,24,24,8,16.64375643,6.71926,17,5
2,15,27,4,4.033660329,3.814505000000001,1,12
2,7,19,4,2.749270519,2.481221,-1,-1
2,22,22,4,3.638504842,3.024926,-1,-1
4,6,25,0,5.955029099,3.596289,12,15
1,5,23,5,6.477147928,4.120307,19,0
3,2,22,4,3.116051808,3.037928,15,16
2,5,15,4,5.115965199,3.582377,-1,-1
2,8,14,5,7.883328207999998,4.078542,12,17
2,5,24,4,7.6586477629999985,4.012294,6,0
2,20,25,4,2.749424899,1.7565849999999998,16,15
2,11,20,5,4.81495642,4.15681,7,1
1,21,26,5,2.950583944,2.893219,13,-1
2,4,27,4,3.3385561580000003,2.957154,-1,-1
10,47,48,2,43.66039384,6.890489,12,5
3,21,25,5,3.977001354,3.176847,13,18
3,22,27,4,4.126510978,3.059794,9,-1
3,12,20,5,6.513730399,4.111286,-1,-1
4,6,25,0,7.782426546,4.575605,18,4
9,20,22,8,6.175174142,4.176143,0,5
1,12,26,5,4.950156641,3.655535,19,17
3,2,20,5,3.917811162,3.150682,13,-1
3,2,19,4,3.172814135,2.812587,-1,-1
1,6,29,5,3.496131512,3.182175,0,1
3,7,28,4,2.944529531,2.969951,-1,17
9,5,18,8,13.97651127,5.2048,18,17
2,23,25,5,4.550306607,3.392249,-1,-1
1,7,11,5,4.182764434,3.130719,0,16
3,1,24,4,7.467759126,3.904462,1,9
2,4,25,4,4.336663422,3.823728,-1,1
3,6,24,5,4.543114694,3.405867,-1,-1
3,20,27,4,3.262558028,2.271462,-1,-1
2,7,23,5,4.2331690680000005,3.82195,18,13
2,11,21,5,5.174784895,3.828359,-1,1
2,4,7,4,3.499796625,3.060597,5,12
3,3,4,4,3.793509503,3.13701,5,13
2,17,24,4,6.175411193,3.942724,8,17
3,6,29,5,2.989103452,2.913185,-1,-1
2,34,34,6,6.23172012,3.4834120000000004,-1,-1
1,8,12,5,3.629443169,3.066646,15,12
10,45,51,2,15.37722164,5.310767,15,5
3,21,26,5,4.897691747,3.523423,18,2
3,21,23,5,4.369918633,2.851009,16,15
2,1,14,4,4.778697788000001,3.675003,10,12
2,10,20,5,6.883387498,3.732121,16,-1
2,7,20,5,5.270734026,3.354425,4,12
2,6,11,4,3.172914376,2.643592,8,5
10,47,50,2,9.704603731,7.289341999999999,8,-1
